,Giant,GiantStd,GiantDist,CompSizeDist,CompSizeStd
C4H10_3200K,45.94066233662096,17.98008188440002,"[0.0, 0.0, 0.0, 0.0, 0.0, 0.0, 0.0, 0.0, 0.0, 0.0, 0.0, 0.0, 0.0, 0.0, 0.0, 0.0, 0.0, 0.0, 0.0, 0.0, 0.005893673322107289, 0.007878277604041375, 0.02455697217544704, 0.011085718867773233, 0.04608692165824713, 0.022351856306631383, 0.026782134552161014, 0.023474460748937536, 0.038990457862240396, 0.0236949723358191, 0.027303343757517442, 0.018462833774356507, 0.014714136797369898, 0.04211771309437896, 0.013431160291877155, 0.04698901451367172, 0.019825996311442547, 0.013751904418250341, 0.014994787907946436, 0.014613904257878278, 0.017239996792558738, 0.015054927431641408, 0.015515997113302862, 0.010644695694010104, 0.01174725362841793, 0.030089808355384492, 0.01232860235746933, 0.012509020928554247, 0.011366369978349772, 0.001403255552882688, 0.01715981076096544, 0.004209766658648063, 0.003768743484884933, 0.006254510464277123, 0.021028786785341994, 0.030851575655520807, 0.007357068398684949, 0.019044182503407905, 0.014954694892149787, 0.023955576938497314, 0.024356507096463795, 0.009161254109534119, 0.02090850773795205, 0.008018603159329644, 0.01004330045706038, 0.015676369176489454, 0.013150509181300618, 0.01715981076096544, 0.0043099991981396845, 0.009842835378077138, 0.008800416967364284, 0.007437254430278245, 0.01944511266137439, 0.010845160772993344, 0.0007818138080346404, 0.0013631625370860397, 0.0067757196696335495, 0.007517440461871542, 0.010343998075535241, 0.005773394274717345, 0.006795766177531874, 0.009682463314890546, 0.016297810921337502, 0.004430278245529629, 0.0006615347606446957, 0.00022051158688156524, 0.00028065111057653754, 0.00018041857108491702, 0.00024055809477988935, 0.0, 0.00010023253949162056, 6.013952369497234e-05, 0.00030069761847486165, 0.0012228369817977708, 0.0, 0.00016037206318659288, 0.00010023253949162056, 4.009301579664822e-05, 0.0, 0.0, 0.0, 0.0009421858712212333, 0.00032074412637318576, 0.00028065111057653754, 0.00014032555528826877, 4.009301579664822e-05, 0.0, 8.018603159329644e-05, 0.001784139202950846, 0.0, 0.0, 0.0, 0.0, 0.00024055809477988935, 0.0, 0.00020046507898324113, 0.0, 0.0, 0.0, 0.0, 0.0, 0.0, 0.0, 0.0, 0.0, 0.0, 0.0, 0.0, 0.0, 0.0, 0.0, 0.0, 0.0, 0.0, 0.0, 0.0, 0.0, 0.0, 0.0, 0.0, 0.0, 0.0, 0.0, 0.0, 0.0, 0.0, 0.0, 0.0, 0.0, 0.0, 0.0, 0.0, 0.0, 0.0, 0.0, 0.0, 0.0, 0.0, 0.0, 0.0, 0.0, 0.0, 0.0, 0.0, 0.0, 0.0, 0.0, 0.0, 0.0, 0.0, 0.0, 0.0, 0.0, 0.0, 0.0, 0.0, 0.0, 0.0, 0.0, 0.0, 0.0, 0.0, 0.0, 0.0, 0.0, 0.0, 0.0, 0.0, 0.0, 0.0, 0.0, 0.0, 0.0, 0.0, 0.0, 0.0, 0.0, 0.0, 0.0, 0.0, 0.0, 0.0, 0.0, 0.0, 0.0, 0.0, 0.0, 0.0, 0.0, 0.0, 0.0, 0.0, 0.0, 0.0, 0.0, 0.0, 0.0, 0.0, 0.0, 0.0, 0.0, 0.0, 0.0, 0.0, 0.0, 0.0, 0.0, 0.0, 0.0, 0.0, 0.0, 0.0, 0.0, 0.0, 0.0, 0.0, 0.0, 0.0, 0.0, 0.0, 0.0, 0.0, 0.0, 0.0, 0.0, 0.0, 0.0, 0.0, 0.0, 0.0, 0.0, 0.0, 0.0, 0.0, 0.0, 0.0, 0.0]","[0.         0.50105575 0.16508433 0.09260393 0.04961637 0.03791357
 0.02115064 0.01389558 0.01204918 0.01017045 0.00814024 0.00705524
 0.00807496 0.00676613 0.00494991 0.00718825 0.0073345  0.00431473
 0.00596994 0.00470083 0.00237474 0.00255393 0.00173064 0.00195416
 0.00275159 0.00234918 0.01825126]","[0.         0.07283499 0.05084244 0.04034092 0.02165832 0.02001991
 0.01838013 0.01281728 0.01279022 0.0128448  0.01069526 0.01203198
 0.01162893 0.00993818 0.00842811 0.00981546 0.01074505 0.00756581
 0.00928391 0.00788469 0.00634751 0.00596944 0.00551827 0.00565364
 0.00682685 0.00556831 0.00970684]"
C4H10_3300K,47.316633671366816,13.958534120661986,"[0.0, 0.0, 0.0, 0.0, 0.0, 0.0, 0.0, 0.0, 0.0, 0.0, 0.0, 0.0, 0.0, 0.0, 0.0, 0.0, 0.0, 0.0, 0.0, 0.0, 0.00012120722395054746, 0.0, 0.0, 0.000888852975637348, 0.0011918710355137167, 0.007737061128843279, 0.023716213486323783, 0.004908892569997172, 0.006727000929255384, 0.018423498040483214, 0.020079996767807362, 0.00840370086057129, 0.021898105127065574, 0.01591854874550523, 0.026524180841178135, 0.02569593147751606, 0.03064522645549675, 0.037816653872570806, 0.013797422326370651, 0.03605914912528787, 0.023312189406488628, 0.01399943436628823, 0.02539291341763969, 0.04250333319865864, 0.05369480021009252, 0.037533837016686195, 0.053472586966183185, 0.02335259181447214, 0.023453597834430934, 0.0324431336107632, 0.03220071916286211, 0.013070178982667368, 0.034281443174013174, 0.049917175063633794, 0.02173649549513151, 0.029534160235950062, 0.015878146337521715, 0.010848046543573997, 0.010060199587895438, 0.02020120399175791, 0.011615692295260797, 0.01535291503373601, 0.004767484142054867, 0.014847884933942063, 0.003555411902549392, 0.005232111833865298, 0.0012120722395054745, 0.0022827360510686437, 0.002060522807159307, 0.0006060361197527372, 0.0008080481596703164, 0.004969496181972445, 0.006161367217486162, 0.004201850430285645, 0.00034342046785988445, 0.0005252313037857056, 0.0023433396630439174, 0.00270696133489556, 0.008343097248596016, 0.007716859924851521, 0.000666639731728011, 0.0032523938426730235, 0.0003030180598763686, 0.0008686517716455901, 0.004383661266211467, 0.0005454325077774635, 2.020120399175791e-05, 0.001979717991192275, 0.0036362167185164237, 0.0, 0.0, 0.00454527089814553, 0.0006868409357197689, 0.00016160963193406327, 2.020120399175791e-05, 0.0, 0.0002626156518928528, 0.00018181083592582118, 0.0, 0.00016160963193406327, 0.0004646276918104319, 0.0032523938426730235, 0.00012120722395054746, 0.00038382287584340027, 0.0033938022706153288, 0.0016766999313159064, 0.0009090541796291059, 0.0, 0.0004646276918104319, 0.0, 0.00024241444790109492, 0.0, 0.0, 0.0, 0.0, 0.0, 0.0, 0.0, 0.0, 0.0, 0.0, 0.0, 0.0, 0.0, 0.0, 0.0, 0.0, 0.0, 0.0, 0.00016160963193406327, 0.0, 0.0, 0.0, 0.0, 0.0, 0.0, 0.0, 0.0, 0.0, 0.0, 0.00016160963193406327, 0.0, 0.0, 0.0, 0.0, 0.0, 0.0, 0.0, 0.0, 0.0, 0.0, 0.0, 0.0, 0.0, 0.0, 0.0, 0.0, 0.0, 0.0, 0.0, 0.0, 0.0, 0.0, 0.0, 0.0, 0.0, 0.0, 0.0, 0.0, 0.0, 0.0, 0.0, 0.0, 0.0, 0.0, 0.0, 0.0, 0.0, 0.0, 0.0, 0.0, 0.0, 0.0, 0.0, 0.0, 0.0, 0.0, 0.0, 0.0, 0.0, 0.0, 0.0, 0.0, 0.0, 0.0, 0.0, 0.0, 0.0, 0.0, 0.0, 0.0, 0.0, 0.0, 0.0, 0.0, 0.0, 0.0, 0.0, 0.0, 0.0, 0.0, 0.0, 0.0, 0.0, 0.0, 0.0, 0.0, 0.0, 0.0, 0.0, 0.0, 0.0, 0.0, 0.0, 0.0, 0.0, 0.0, 0.0, 0.0, 0.0, 0.0, 0.0, 0.0, 0.0, 0.0, 0.0, 0.0, 0.0, 0.0, 0.0, 0.0, 0.0, 0.0, 0.0, 0.0, 0.0, 0.0, 0.0, 0.0, 0.0, 0.0, 0.0, 0.0, 0.0, 0.0, 0.0, 0.0]","[0.         0.51009374 0.18946253 0.07356015 0.04237982 0.03054639
 0.02255821 0.0197134  0.01677415 0.01417235 0.00932791 0.00476192
 0.00711185 0.00531792 0.00495754 0.00266354 0.00419216 0.00293497
 0.00261953 0.00180891 0.00176001 0.00067337 0.00078892 0.00102855
 0.00080512 0.00191956 0.02806747]","[0.         0.04144223 0.04882034 0.02938387 0.0271066  0.01666789
 0.01664733 0.01360983 0.01780254 0.01207183 0.01111408 0.00819592
 0.01117656 0.0082855  0.00908217 0.00661944 0.00758366 0.00659194
 0.00580747 0.00491277 0.00536275 0.00321506 0.00338974 0.00444094
 0.00340161 0.00547923 0.01022909]"
C4H10_3400K,60.61689611013286,25.04087146198008,"[0.0, 0.0, 0.0, 0.0, 0.0, 0.0, 0.0, 0.0, 0.0, 0.0, 0.0, 0.0, 0.0, 0.0, 0.0, 0.0, 0.0, 0.0, 0.0, 0.00040019209220425807, 4.0019209220425806e-05, 0.0, 0.003281575156074916, 0.002881383063870658, 0.00262125820393789, 0.0005002401152553225, 0.005822794941571954, 0.003701776852889387, 0.006523131102929406, 0.004121978549703858, 0.0032215463422442772, 0.010505042420361774, 0.01714823115095246, 0.03455658716183768, 0.018448855450616294, 0.01592764526972947, 0.019349287658075875, 0.030354570193692972, 0.009084360493036658, 0.021770449815911638, 0.024671842484392508, 0.022770930046422284, 0.03617736513526493, 0.018668961101328638, 0.01530734752681287, 0.016507923803425643, 0.015127261085320955, 0.020029614214823115, 0.017948615335360973, 0.022150632303505682, 0.02145029614214823, 0.018388826636785656, 0.02695293740995678, 0.016147750920441812, 0.015567472386745638, 0.00840403393628942, 0.010785176884904754, 0.02335120858011846, 0.011505522650872419, 0.009664639026732832, 0.002461181367056187, 0.013806627181046903, 0.012165839603009444, 0.009664639026732832, 0.010565071234192413, 0.00958460060829198, 0.012646070113654553, 0.006403073475268129, 0.0037618056667200256, 0.01200576276612774, 0.015187289899151593, 0.004902353129502161, 0.0025012005762766127, 0.01068512886185369, 0.007383544101168561, 0.005702737313910677, 0.009604610212902194, 0.014707059388506484, 0.012586041299823915, 0.011085320954057948, 0.025832399551784856, 0.011205378581719225, 0.01640787578037458, 0.008384024331679205, 0.011525532255482631, 0.008704178005442613, 0.01282615655514647, 0.0014006723227149031, 0.004302064991195774, 0.005202497198655355, 0.0037618056667200256, 0.002201056507123419, 0.00910437009764687, 0.0025212101808868258, 0.0019209220425804386, 0.005962862173843445, 0.006543140707539619, 0.0035817192252281093, 0.0013206339042740516, 0.0018809028333600128, 0.003701776852889387, 0.006383063870657916, 0.0036017288298383224, 0.002040979670241716, 0.00200096046102129, 0.0006002881383063871, 0.004502161037297903, 0.003681767248279174, 0.0009804706259004322, 0.0040419401312630065, 0.0033816231791259804, 0.0013406435088842645, 0.007943813030254522, 0.002321114134784697, 0.00048023051064510964, 0.00018008644149191612, 0.00044021130142468386, 0.0013806627181046902, 0.003641748039058748, 0.002321114134784697, 0.0012806146950536258, 0.002281094925564271, 0.003881863294381303, 0.0012606050904434129, 0.0012005762766127742, 0.001820874019529374, 0.0010805186489514966, 0.00030014406915319355, 0.00044021130142468386, 0.002861373459260445, 0.001640787578037458, 0.00018008644149191612, 0.001660797182647671, 0.00020009604610212903, 6.0028813830638705e-05, 0.0, 0.001020489835120858, 0.0009404514166800064, 0.001220585881222987, 0.0, 0.00034016327837361934, 0.00016007683688170322, 0.002321114134784697, 0.0007003361613574516, 0.0012606050904434129, 0.0027613254362093805, 0.0, 0.0, 0.0, 2.0009604610212903e-05, 0.0, 0.0, 0.0, 0.00030014406915319355, 0.0, 0.0, 0.0, 0.0, 0.0, 0.0, 0.0, 0.0, 0.0, 0.0, 0.0, 0.0, 0.0, 0.0, 0.0, 0.0, 0.0, 0.0, 0.0, 0.0, 0.0, 0.0, 0.0, 0.0, 0.0, 0.0, 0.0, 0.0, 0.0, 0.0, 0.0, 0.0, 0.0, 0.0, 0.0, 0.0, 0.0, 0.0, 0.0, 0.0, 0.0, 0.0, 0.0, 0.0, 0.0, 0.0, 0.0, 0.0, 0.0, 0.0, 0.0, 0.0, 0.0, 0.0, 0.0, 0.0, 0.0, 0.0, 0.0, 0.0, 0.0, 0.0, 0.0, 0.0, 0.0, 0.0, 0.0, 0.0, 0.0, 0.0, 0.0, 0.0, 0.0, 0.0, 0.0, 0.0, 0.0, 0.0, 0.0, 0.0, 0.0, 0.0, 0.0, 0.0, 0.0, 0.0, 0.0, 0.0, 0.0, 0.0, 0.0, 0.0, 0.0, 0.0, 0.0, 0.0, 0.0, 0.0, 0.0, 0.0, 0.0, 0.0, 0.0]","[0.         0.59629462 0.15117286 0.06085845 0.03901915 0.02249609
 0.01697885 0.01350011 0.01180509 0.00648587 0.00694046 0.00486911
 0.0065462  0.00645272 0.00588373 0.0048025  0.00291901 0.00245247
 0.00229835 0.00236795 0.00155314 0.00161646 0.00171772 0.00202984
 0.00170219 0.00162692 0.02561015]","[0.         0.07820431 0.05938129 0.02832641 0.02156372 0.01723518
 0.01484719 0.01507379 0.01302672 0.00950631 0.00942696 0.00855775
 0.00985939 0.00946854 0.00938468 0.00791621 0.00662546 0.00595872
 0.00618784 0.00639622 0.00481815 0.00479077 0.0051898  0.00545886
 0.00485419 0.00505318 0.00982029]"
C4H10_3500K,66.11844632994477,21.574161564563777,"[0.0, 0.0, 0.0, 0.0, 0.0, 0.0, 0.0, 0.0, 0.0, 0.0, 0.0, 0.0, 0.0, 0.0, 0.0, 0.0, 0.0, 0.0, 0.0, 0.0, 0.0, 0.0, 0.0, 0.0, 0.0021211878652045144, 0.0009605379012246858, 0.0006403586008164572, 0.0012807172016329144, 0.0, 0.004682622268470343, 0.004982790362603058, 0.011266309133114544, 0.00788441527255263, 0.007244056671736172, 0.007003922196430001, 0.008344673016889459, 0.009045065236532458, 0.02179220363403506, 0.007063955815256544, 0.011986712559033058, 0.006243496357960458, 0.007204034259185144, 0.009245177299287602, 0.007764348034899544, 0.012707115984951573, 0.02613463539582166, 0.030917313695669576, 0.02137196830224926, 0.02193228207796366, 0.02165212519010646, 0.024713839750260147, 0.011226286720563515, 0.011926678940206516, 0.012527015128471944, 0.012747138397502602, 0.015548707276074603, 0.01464820299367646, 0.013687665092451774, 0.013307452173217002, 0.011226286720563515, 0.010045625550308173, 0.00816457216040983, 0.019711038181381573, 0.023453133754902745, 0.019851116625310174, 0.02235251740974946, 0.013007284079084287, 0.016769390858880972, 0.017149603778115745, 0.012967261666533258, 0.029136316337148804, 0.015568718482350115, 0.013847754742655887, 0.013147362523012887, 0.016089009845513487, 0.013567597854798687, 0.020971744176738975, 0.010665972944849115, 0.012026734971584086, 0.01474825902505403, 0.012306891859441288, 0.010505883294645002, 0.013327463379492515, 0.010465860882093973, 0.015288561594492916, 0.015248539181941887, 0.005002801568878572, 0.015368606419594973, 0.015688785720003203, 0.006963899783878972, 0.009345233330665172, 0.00984551348755303, 0.006483630833266629, 0.002781557672296486, 0.004442487793164172, 0.014508124549747859, 0.010385816056991915, 0.014368046105819259, 0.0050228127751540865, 0.002621468022092372, 0.001660930120867686, 0.003181781797806772, 0.005743216201072601, 0.004182342111582486, 0.0024013447530617147, 0.0012807172016329144, 0.004722644681021372, 0.004882734331225486, 0.0054430481069398864, 0.0029016249099495716, 0.0033018490354598576, 0.0032818378291843433, 0.0014207956455615145, 0.0005202913631633715, 0.0013007284079084287, 0.0006403586008164572, 0.0003401905066837429, 0.00044024653806131435, 0.00012006723765308573, 0.0008604818698471143, 2.0011206275514287e-05, 0.0005403025694388858, 0.0001400784439286, 0.0007204034259185143, 0.00022012326903065717, 8.004482510205715e-05, 0.0012006723765308573, 0.0001400784439286, 0.0017009525334187145, 0.00030016809413271434, 0.0007404146321940287, 0.002701512847194429, 0.0008204594572960858, 0.00036020171295925716, 0.00018010085647962858, 0.0011206275514288, 0.0008004482510205716, 0.0005202913631633715, 0.0007404146321940287, 0.0004802689506123429, 4.0022412551028574e-05, 0.0011406387577043145, 0.0001600896502041143, 0.0, 0.0001400784439286, 0.0, 0.00010005603137757145, 0.0, 2.0011206275514287e-05, 0.0, 0.0, 0.0, 0.0, 0.0, 0.0, 0.0, 0.0, 0.0, 0.0, 0.0, 0.0, 0.0, 0.0, 0.0, 0.0, 0.0, 0.0, 0.0, 0.0, 0.0, 0.0, 0.0, 0.0, 0.0, 0.0, 0.0, 0.0, 0.0, 0.0, 0.0, 0.0, 0.0, 0.0, 0.0, 0.0, 0.0, 0.0, 0.0, 0.0, 0.0, 0.0, 0.0, 0.0, 0.0, 0.0, 0.0, 0.0, 0.0, 0.0, 0.0, 0.0, 0.0, 0.0, 0.0, 0.0, 0.0, 0.0, 0.0, 0.0, 0.0, 0.0, 0.0, 0.0, 0.0, 0.0, 0.0, 0.0, 0.0, 0.0, 0.0, 0.0, 0.0, 0.0, 0.0, 0.0, 0.0, 0.0, 0.0, 0.0, 0.0, 0.0, 0.0, 0.0, 0.0, 0.0, 0.0, 0.0, 0.0, 0.0, 0.0, 0.0, 0.0, 0.0, 0.0, 0.0, 0.0, 0.0, 0.0, 0.0, 0.0, 0.0, 0.0, 0.0, 0.0, 0.0, 0.0, 0.0]","[0.         0.57089964 0.1730199  0.06755738 0.0371387  0.02868016
 0.01721981 0.01596334 0.01052702 0.00738673 0.0070985  0.00708015
 0.00487171 0.00522711 0.00314562 0.00285769 0.00273044 0.00216257
 0.0013556  0.00217589 0.00157754 0.00137484 0.00134909 0.00120084
 0.0016533  0.00091321 0.02483321]","[0.         0.0556741  0.04047433 0.02764148 0.02449911 0.02054877
 0.01647825 0.01262896 0.01366295 0.01074561 0.00956586 0.01001668
 0.0087912  0.00906779 0.00657289 0.00620367 0.00606763 0.005605
 0.00447733 0.0055017  0.00482688 0.00433884 0.00445677 0.0042822
 0.00480329 0.00376621 0.00939718]"
C4H10_3600K,71.23659639570725,23.727040228642636,"[0.0, 0.0, 0.0, 0.0, 0.0, 0.0, 0.0, 0.0, 0.0, 0.0, 0.0, 0.0, 0.0, 0.0, 0.0, 0.0, 0.0, 0.0, 0.0, 0.0, 0.0, 0.0, 0.0, 0.0005399689517852724, 0.0, 0.0, 0.002069880981843544, 0.0031948162980628613, 8.99948252975454e-05, 0.004364749026930952, 0.012599275541656355, 0.0013724210857875671, 0.001934888743897226, 0.006119648120233087, 0.004499741264877269, 0.004252255495309019, 0.0030148266474677708, 0.002182374513465476, 0.005152203748284474, 0.0046122347964992014, 0.008459513577969266, 0.011384345400139492, 0.018943910725133305, 0.011046864805273697, 0.02083380205638176, 0.018448939185996806, 0.011001867392624924, 0.014646657817175512, 0.019618871914864895, 0.015096631943663239, 0.0141741849843634, 0.020293833104596485, 0.014016694040092694, 0.01201430917722231, 0.006277139064503791, 0.009741939838459288, 0.011496838931761424, 0.013589218619929355, 0.015119130649987626, 0.014376673341282876, 0.015591603482799738, 0.01669404009269467, 0.022588701149683893, 0.020226336985623327, 0.01300425225549531, 0.011721825995005286, 0.008774495466510676, 0.018313946948050486, 0.023398654577361802, 0.023308659752064257, 0.02342115328368619, 0.02803338808018539, 0.011339347987490719, 0.01939388485162103, 0.018966409431457693, 0.013566719913604967, 0.016874029743289762, 0.006749611897315905, 0.008639503228564358, 0.014624159110851126, 0.012081805296195468, 0.015029135824690081, 0.008257025221049789, 0.011316849281166334, 0.00929196571197156, 0.007154588611154858, 0.006659617072018359, 0.015164128062636398, 0.007582064031318199, 0.0136792134452269, 0.01343172767565865, 0.011159358336895629, 0.01194681305824915, 0.014759151348797444, 0.008257025221049789, 0.009944428195378765, 0.004184759376335861, 0.006727113190991518, 0.007064593785857313, 0.00886449029180822, 0.006884604135262222, 0.006007154588611155, 0.005962157175962382, 0.0036672891308749747, 0.003419803361306725, 0.006367133889801336, 0.002902333115845839, 0.0013949197921119536, 0.0037122865435237472, 0.002609849933628816, 0.0020248835691947715, 0.005534681755799042, 0.006299637770828178, 0.0016874029743289762, 0.005467185636825882, 0.008099534276779086, 0.006367133889801336, 0.0074245730870474945, 0.004364749026930952, 0.0016424055616802034, 0.002317366751411794, 0.003982271019416383, 0.0003149818885414089, 0.002902333115845839, 0.0028798344095214527, 0.001304924966814408, 0.00044997412648772693, 0.0019798861565459985, 0.001304924966814408, 0.0008324521340022948, 0.0010799379035705448, 0.0011474340225437038, 0.0007874547213535222, 0.002069880981843544, 0.0019798861565459985, 0.002519855108331271, 0.0008099534276779085, 8.99948252975454e-05, 0.0003599793011901816, 0.0022723693387630213, 0.00020248835691947712, 0.0001799896505950908, 0.0003599793011901816, 0.000517470245460886, 0.0002924831822170225, 0.0, 6.749611897315905e-05, 0.0, 6.749611897315905e-05, 0.0, 0.0, 4.49974126487727e-05, 0.0, 0.0, 0.0, 0.0, 0.000517470245460886, 0.0, 0.00015749094427070445, 0.0, 0.0, 0.0, 0.0, 0.0, 0.0, 0.0, 0.0, 0.0, 0.0, 0.0, 0.0, 0.0, 0.0, 0.0, 0.0, 0.0, 0.0, 0.0, 0.0, 0.0, 0.0, 0.0, 0.0, 0.0, 0.0, 0.0, 0.0, 0.0, 0.0, 0.0, 0.0, 0.0, 0.0, 0.0, 0.0, 0.0, 0.0, 0.0, 0.0, 0.0, 0.0, 0.0, 0.0, 0.0, 0.0, 0.0, 0.0, 0.0, 0.0, 0.0, 0.0, 0.0, 0.0, 0.0, 0.0, 0.0, 0.0, 0.0, 0.0, 0.0, 0.0, 0.0, 0.0, 0.0, 0.0, 0.0, 0.0, 0.0, 0.0, 0.0, 0.0, 0.0, 0.0, 0.0, 0.0, 0.0, 0.0, 0.0, 0.0, 0.0, 0.0, 0.0, 0.0, 0.0, 0.0, 0.0, 0.0, 0.0, 0.0, 0.0, 0.0, 0.0, 0.0, 0.0, 0.0, 0.0, 0.0]","[0.         0.60914782 0.16480426 0.05249817 0.03518456 0.02419348
 0.01581932 0.01020617 0.00825437 0.00735733 0.00713606 0.00615118
 0.00348834 0.00429987 0.00443796 0.00310903 0.00309605 0.00265186
 0.00201701 0.00210552 0.00171855 0.00141444 0.00100185 0.00135854
 0.00077759 0.00107172 0.02669894]","[0.         0.06940733 0.04075085 0.0273588  0.01907171 0.01721187
 0.01609048 0.01356612 0.01114432 0.01002191 0.01099691 0.00912935
 0.007562   0.00726753 0.00763013 0.00666574 0.00693469 0.00610602
 0.00539327 0.0055771  0.00511107 0.00459691 0.00392139 0.00448722
 0.00330076 0.00392299 0.01025544]"
C4H10_3600K_1120at,73.50514799176321,27.34964797383958,"[0.0, 0.0, 0.0, 0.0, 0.0, 0.0, 0.0, 0.0, 0.0, 0.0, 0.0, 0.0, 0.0, 0.0, 0.0, 0.0, 0.0, 0.0, 0.0, 0.0, 0.0, 0.0, 0.00010399983360026624, 0.0, 0.0005823990681614909, 0.0, 4.159993344010649e-05, 0.001019198369282609, 0.0010607983027227156, 0.000748798801921917, 6.239990016015975e-05, 0.0034735944422488924, 0.00391039374337001, 0.002599995840006656, 0.0012687979699232482, 0.007342388252178796, 0.01075358279426753, 0.005844790648334963, 0.006302389916176134, 0.006052790315535495, 0.014039977536035942, 0.010254383592986251, 0.019260769182769307, 0.011086382261788381, 0.011689581296669926, 0.014871976204838072, 0.013020779166753333, 0.017534371945004887, 0.01844957048068723, 0.017575971878444993, 0.018927969715248457, 0.024959960064063896, 0.02235996422405724, 0.016764773176362918, 0.009318385090583855, 0.012375980198431683, 0.00557439108097427, 0.010899182561307902, 0.015537575139879776, 0.016099174241321214, 0.0163279738752418, 0.017076772677163718, 0.023171162926139317, 0.020092767851571436, 0.028953553674314122, 0.021028766353973834, 0.025479959232065228, 0.016702373276202758, 0.022110364623416603, 0.01133598186242902, 0.009713584458264866, 0.010233583626266198, 0.014039977536035942, 0.009630384591384654, 0.011564781496349605, 0.00788318738690018, 0.004326393077771076, 0.005303991513613578, 0.010711982860827423, 0.01915676934916904, 0.012583979865632216, 0.008403186554901512, 0.010670382927387315, 0.01293757929987312, 0.012500779998752001, 0.008444786488341618, 0.010649582960667262, 0.005449591280653951, 0.005803190714894857, 0.005262391580173472, 0.007279988352018637, 0.006364789816336294, 0.005075191879692993, 0.002683195706886869, 0.007799987520019968, 0.004555192711691661, 0.003598394242569212, 0.006094390248975601, 0.0031407949747280406, 0.004055993510410383, 0.0059487904819352285, 0.00646878964993656, 0.00782078748674002, 0.006697589283857146, 0.005075191879692993, 0.004388792977931235, 0.006697589283857146, 0.007737587619859808, 0.007924787320340288, 0.00902718555650311, 0.007737587619859808, 0.006739189217297253, 0.0035567943091291054, 0.0032239948416082536, 0.0054079913472138445, 0.0065103895833766665, 0.004243193210890862, 0.004243193210890862, 0.0099215841254654, 0.006614389416976933, 0.004908792145932567, 0.003015995174407721, 0.0032239948416082536, 0.00403519354369033, 0.003972793643530171, 0.0017055972710443663, 0.0035775942758491585, 0.0024959960064063896, 0.0028911953740874013, 0.0028079955072071883, 0.0033071947084884665, 0.0012895979366433013, 0.0012687979699232482, 0.0024959960064063896, 0.004638392578571874, 0.002911995340807455, 0.0024543960729662834, 0.002079996672005325, 0.0018095971046446326, 0.003993593610250224, 0.0026207958067267093, 0.0006031990348815442, 0.0005615991014414377, 0.002870395407367348, 0.00029119953408074546, 0.0008527986355221832, 0.00041599933440106496, 0.00022879963392058572, 0.00010399983360026624, 0.00018719970048047924, 0.00016639973376042597, 4.159993344010649e-05, 0.0, 8.319986688021299e-05, 0.001081598269442769, 0.00033279946752085194, 2.0799966720053246e-05, 0.0004783992345612247, 0.0008943985689622896, 0.0005407991347213844, 4.159993344010649e-05, 0.0005407991347213844, 0.0009359985024023961, 0.00029119953408074546, 0.0005407991347213844, 0.00020799966720053248, 6.239990016015975e-05, 0.0, 0.0, 0.0001247998003203195, 0.0, 0.0, 0.0, 0.0, 2.0799966720053246e-05, 0.0, 0.0, 0.0, 0.0, 0.0, 0.0, 2.0799966720053246e-05, 0.0, 0.0, 0.0, 0.0, 0.0, 0.0, 0.0, 0.0, 0.0, 0.0, 0.0, 0.0, 0.0, 0.0, 0.0, 0.0, 0.0, 0.0, 0.0, 0.0, 0.0, 0.0, 0.0, 0.0, 0.0, 0.0, 0.0, 0.0, 0.0, 0.0, 0.0, 0.0, 0.0, 0.0, 0.0, 0.0, 0.0, 0.0, 0.0, 0.0, 0.0, 0.0, 0.0, 0.0, 0.0, 0.0, 0.0, 0.0, 0.0, 0.0, 0.0, 0.0, 0.0, 0.0, 0.0, 0.0, 0.0, 0.0, 0.0, 0.0, 0.0, 0.0, 0.0, 0.0, 0.0, 0.0, 0.0, 0.0, 0.0, 0.0, 0.0, 0.0, 0.0, 0.0, 0.0, 0.0, 0.0, 0.0, 0.0, 0.0, 0.0, 0.0, 0.0, 0.0, 0.0, 0.0, 0.0, 0.0, 0.0, 0.0, 0.0, 0.0, 0.0, 0.0, 0.0, 0.0, 0.0, 0.0, 0.0, 0.0, 0.0, 0.0, 0.0, 0.0, 0.0, 0.0, 0.0, 0.0, 0.0, 0.0, 0.0, 0.0, 0.0, 0.0, 0.0, 0.0, 0.0, 0.0, 0.0, 0.0, 0.0, 0.0, 0.0, 0.0, 0.0, 0.0, 0.0, 0.0, 0.0, 0.0, 0.0, 0.0, 0.0, 0.0, 0.0, 0.0, 0.0, 0.0, 0.0]","[0.         0.58252754 0.16282969 0.07493408 0.04008923 0.022967
 0.01724129 0.01361923 0.01053023 0.00906697 0.00572815 0.00485917
 0.00472475 0.0032949  0.00304826 0.0030124  0.00267867 0.00213195
 0.00167575 0.00219246 0.00168868 0.00129274 0.00110513 0.00142667
 0.00159939 0.00102877 0.02470691]","[0.         0.06372286 0.04107523 0.03189367 0.02821818 0.01597892
 0.01410838 0.01242593 0.01076987 0.0101573  0.00829942 0.00713828
 0.00805599 0.00626875 0.005815   0.00637707 0.00559858 0.0049895
 0.0042932  0.00505291 0.0044367  0.00379109 0.00353739 0.00420331
 0.00424643 0.00340381 0.00898618]"
C4H10_4000K,54.00860688550841,20.394236094384205,"[0.0, 0.0, 0.0, 0.0, 0.0, 0.0, 0.0, 0.0, 0.0, 0.0, 0.0, 0.0, 0.0, 0.0, 0.0, 0.0, 0.0, 0.0, 0.0007506004803843075, 0.0022518014411529222, 0.0024519615692554044, 0.001501200960768615, 0.0025520416333066455, 0.012309847878302643, 0.007556044835868695, 0.004553642914331465, 0.009557646116893515, 0.01120896717373899, 0.009607686148919135, 0.018014411529223378, 0.008506805444355484, 0.009707766212970377, 0.025770616493194554, 0.015362289831865493, 0.013861088871096877, 0.012960368294635708, 0.017664131305044035, 0.017263811048839072, 0.020266212970376302, 0.03317654123298639, 0.02727181745396317, 0.02316853482786229, 0.019465572457966374, 0.01696357085668535, 0.023318654923939152, 0.019415532425940754, 0.02622097678142514, 0.017664131305044035, 0.035978783026421136, 0.035028022417934346, 0.02496997598078463, 0.023919135308246596, 0.012409927942353884, 0.010008006405124099, 0.011859487590072057, 0.014161329063250601, 0.013961168935148118, 0.017764211369095277, 0.01616293034427542, 0.01511208967173739, 0.013710968775020016, 0.01816453162530024, 0.013410728582866294, 0.012459967974379503, 0.01996597277822258, 0.01311048839071257, 0.014911929543634909, 0.013410728582866294, 0.013260608486789432, 0.007756204963971177, 0.010158126501200961, 0.0048538831064851885, 0.010408326661329063, 0.006405124099279423, 0.006505204163330665, 0.006905524419535628, 0.011259007205764612, 0.005454363490792634, 0.006355084067253803, 0.008807045636509208, 0.005554443554843875, 0.006755404323458767, 0.007155724579663731, 0.008656925540432346, 0.009507606084867894, 0.004153322658126501, 0.004553642914331465, 0.005154123298638911, 0.003502802241793435, 0.006755404323458767, 0.0023518815052041633, 0.002301841473178543, 0.0018514811849479583, 0.002702161729383507, 0.002151721377101681, 0.0048538831064851885, 0.0019015212169735788, 0.0014011208967173738, 0.004153322658126501, 0.003102481985588471, 0.0018514811849479583, 0.0045036028823058445, 0.001501200960768615, 0.001801441152922338, 0.0032025620496397116, 0.0017013610888710969, 0.0016012810248198558, 0.0017013610888710969, 0.002301841473178543, 0.0007506004803843075, 0.00010008006405124099, 0.0015512409927942354, 0.0012009607686148918, 0.0012009607686148918, 0.00040032025620496394, 0.00020016012810248197, 0.00015012009607686148, 0.0006505204163330665, 0.0005004003202562049, 0.0006505204163330665, 0.00040032025620496394, 0.0005004003202562049, 5.004003202562049e-05, 0.0, 0.00015012009607686148, 0.0, 0.00020016012810248197, 0.00025020016012810247, 5.004003202562049e-05, 0.0, 0.0, 0.0, 0.0, 0.0, 0.0, 0.0, 0.0, 5.004003202562049e-05, 0.00015012009607686148, 0.0, 0.00025020016012810247, 0.00010008006405124099, 0.00040032025620496394, 0.0, 0.00010008006405124099, 0.0006505204163330665, 0.0007506004803843075, 5.004003202562049e-05, 0.00010008006405124099, 0.00010008006405124099, 0.0, 0.0004503602882305845, 0.00015012009607686148, 0.0, 0.0, 5.004003202562049e-05, 5.004003202562049e-05, 0.0, 0.0, 0.0, 0.0, 0.0, 0.0, 0.0, 0.0, 0.0, 0.0, 0.0, 0.0, 0.0, 0.0, 0.0, 0.0, 0.0, 0.0, 0.0, 0.0, 0.0, 0.0, 0.0, 0.0, 0.0, 0.0, 0.0, 0.0, 0.0, 0.0, 0.0, 0.0, 0.0, 0.0, 0.0, 0.0, 0.0, 0.0, 0.0, 0.0, 0.0, 0.0, 0.0, 0.0, 0.0, 0.0, 0.0, 0.0, 0.0, 0.0, 0.0, 0.0, 0.0, 0.0, 0.0, 0.0, 0.0, 0.0, 0.0, 0.0, 0.0, 0.0, 0.0, 0.0, 0.0, 0.0, 0.0, 0.0, 0.0, 0.0, 0.0, 0.0, 0.0, 0.0, 0.0, 0.0, 0.0, 0.0, 0.0, 0.0, 0.0, 0.0, 0.0, 0.0, 0.0, 0.0, 0.0, 0.0, 0.0, 0.0, 0.0, 0.0, 0.0, 0.0, 0.0, 0.0, 0.0, 0.0, 0.0, 0.0]","[0.         0.5464662  0.16760443 0.0789558  0.04349975 0.02935373
 0.01864581 0.01193163 0.01211882 0.01029064 0.00917642 0.00782766
 0.0058049  0.00426452 0.00484457 0.00359347 0.00288099 0.00324722
 0.00302527 0.00158773 0.00206789 0.00192436 0.00204348 0.0020346
 0.00136133 0.00128661 0.02416217]","[0.         0.06158755 0.03917455 0.03226536 0.02365062 0.01832396
 0.01608894 0.01214344 0.01243868 0.01159303 0.01138302 0.01107793
 0.00937902 0.00782499 0.00891803 0.0076804  0.00640752 0.00663715
 0.00703346 0.00493851 0.00566724 0.00539469 0.00547699 0.00571289
 0.00435346 0.00419098 0.01137962]"
C4H10_4500K,58.31280048076923,21.992742019409665,"[0.0, 0.0, 0.0, 0.0, 0.0, 0.0, 0.0, 0.0, 0.0, 0.0, 0.0, 0.0, 0.0, 0.0, 0.0, 0.0, 0.0, 0.0, 0.00030048076923076925, 0.0008012820512820513, 0.00030048076923076925, 0.0013020833333333333, 0.0031049679487179485, 0.0021033653846153845, 0.0031049679487179485, 0.00641025641025641, 0.0031049679487179485, 0.01201923076923077, 0.00921474358974359, 0.01201923076923077, 0.009415064102564102, 0.011217948717948718, 0.01171875, 0.013221153846153846, 0.017027243589743588, 0.012219551282051282, 0.016326121794871796, 0.01422275641025641, 0.020733173076923076, 0.01622596153846154, 0.025240384615384616, 0.01842948717948718, 0.013521634615384616, 0.021935096153846152, 0.019330929487179488, 0.014423076923076924, 0.022636217948717948, 0.025240384615384616, 0.022435897435897436, 0.019030448717948716, 0.020933493589743588, 0.021834935897435896, 0.016826923076923076, 0.02123397435897436, 0.020532852564102564, 0.01893028846153846, 0.02403846153846154, 0.019230769230769232, 0.02283653846153846, 0.016626602564102564, 0.018629807692307692, 0.01201923076923077, 0.013621794871794872, 0.014423076923076924, 0.014322916666666666, 0.012620192307692308, 0.012520032051282052, 0.014923878205128206, 0.019030448717948716, 0.011217948717948718, 0.010917467948717948, 0.017628205128205128, 0.011818910256410256, 0.011117788461538462, 0.01031650641025641, 0.007512019230769231, 0.005709134615384615, 0.006310096153846154, 0.008713942307692308, 0.007512019230769231, 0.004407051282051282, 0.006009615384615385, 0.006710737179487179, 0.007111378205128205, 0.005809294871794872, 0.006009615384615385, 0.008012820512820512, 0.00530849358974359, 0.005408653846153846, 0.006009615384615385, 0.002704326923076923, 0.0011017628205128205, 0.002003205128205128, 0.004306891025641026, 0.002904647435897436, 0.0033052884615384615, 0.0035056089743589745, 0.00641025641025641, 0.005408653846153846, 0.003405448717948718, 0.0033052884615384615, 0.003605769230769231, 0.003205128205128205, 0.0033052884615384615, 0.002904647435897436, 0.001702724358974359, 0.00390625, 0.003405448717948718, 0.003205128205128205, 0.0038060897435897435, 0.001702724358974359, 0.0026041666666666665, 0.0016025641025641025, 0.001001602564102564, 0.002904647435897436, 0.002203525641025641, 0.001001602564102564, 0.0016025641025641025, 0.002203525641025641, 0.0014022435897435897, 0.0013020833333333333, 0.001201923076923077, 0.0006009615384615385, 0.001001602564102564, 0.0008012820512820513, 0.0009014423076923077, 0.00020032051282051281, 0.000500801282051282, 0.0006009615384615385, 0.00010016025641025641, 0.00040064102564102563, 0.0, 0.0, 0.00010016025641025641, 0.00010016025641025641, 0.0, 0.00040064102564102563, 0.00020032051282051281, 0.0007011217948717949, 0.00010016025641025641, 0.0007011217948717949, 0.0, 0.000500801282051282, 0.0, 0.000500801282051282, 0.00040064102564102563, 0.0, 0.0, 0.0, 0.0, 0.0, 0.0, 0.0, 0.0, 0.0, 0.0, 0.0, 0.0, 0.0, 0.0, 0.0, 0.0, 0.0, 0.0, 0.0, 0.0, 0.0, 0.0, 0.0, 0.0, 0.0, 0.0, 0.0, 0.0, 0.0, 0.0, 0.0, 0.0, 0.0, 0.0, 0.0, 0.0, 0.0, 0.0, 0.0, 0.0, 0.0, 0.0, 0.0, 0.0, 0.0, 0.0, 0.0, 0.0, 0.0, 0.0, 0.0, 0.0, 0.0, 0.0, 0.0, 0.0, 0.0, 0.0, 0.0, 0.0, 0.0, 0.0, 0.0, 0.0, 0.0, 0.0, 0.0, 0.0, 0.0, 0.0, 0.0, 0.0, 0.0, 0.0, 0.0, 0.0, 0.0, 0.0, 0.0, 0.0, 0.0, 0.0, 0.0, 0.0, 0.0, 0.0, 0.0, 0.0, 0.0, 0.0, 0.0, 0.0, 0.0, 0.0, 0.0, 0.0, 0.0, 0.0, 0.0, 0.0, 0.0, 0.0, 0.0, 0.0, 0.0, 0.0, 0.0, 0.0, 0.0, 0.0, 0.0]","[0.         0.5394601  0.16897079 0.07853284 0.04066045 0.0296472
 0.02127051 0.01593649 0.01140061 0.01196447 0.00706622 0.00656171
 0.00646956 0.00503726 0.0042844  0.00367837 0.0032051  0.00301767
 0.00317543 0.00204458 0.00228668 0.00188058 0.00193212 0.00171501
 0.00142293 0.00126049 0.02711842]","[0.         0.0807786  0.05932254 0.03334335 0.02482181 0.02088262
 0.01691554 0.01476499 0.01348434 0.01332271 0.00987322 0.01032339
 0.00996356 0.0088276  0.00821313 0.00741535 0.00702529 0.00664741
 0.00698491 0.00559106 0.00588388 0.00533566 0.00543725 0.00515086
 0.00465043 0.00444666 0.0116036 ]"
C4H10_5000K,52.909473684210525,19.209339454530515,"[0.0, 0.0, 0.0, 0.0, 0.0, 0.0, 0.0, 0.0, 0.0, 0.0, 0.0, 0.0, 0.0, 0.0, 0.0003007518796992481, 0.0003007518796992481, 0.0012030075187969924, 0.00015037593984962405, 0.0015037593984962407, 0.0012030075187969924, 0.0009022556390977444, 0.002556390977443609, 0.0018045112781954887, 0.00481203007518797, 0.006165413533834587, 0.004210526315789474, 0.010827067669172932, 0.008270676691729323, 0.01338345864661654, 0.013082706766917293, 0.01924812030075188, 0.015488721804511277, 0.017293233082706767, 0.022706766917293234, 0.018796992481203006, 0.022857142857142857, 0.015639097744360904, 0.021353383458646617, 0.023909774436090225, 0.018345864661654134, 0.02556390977443609, 0.020601503759398496, 0.02631578947368421, 0.025413533834586464, 0.02736842105263158, 0.019849624060150377, 0.022857142857142857, 0.02150375939849624, 0.023909774436090225, 0.02150375939849624, 0.02120300751879699, 0.024210526315789474, 0.024360902255639097, 0.016842105263157894, 0.017894736842105262, 0.016842105263157894, 0.021353383458646617, 0.020902255639097745, 0.01443609022556391, 0.011127819548872181, 0.01443609022556391, 0.013533834586466165, 0.014586466165413535, 0.009774436090225564, 0.01338345864661654, 0.011729323308270676, 0.012481203007518798, 0.011729323308270676, 0.008571428571428572, 0.008421052631578947, 0.009473684210526316, 0.009473684210526316, 0.009473684210526316, 0.0081203007518797, 0.010075187969924812, 0.010827067669172932, 0.009022556390977444, 0.00481203007518797, 0.00406015037593985, 0.005112781954887218, 0.00962406015037594, 0.006466165413533834, 0.0081203007518797, 0.0037593984962406013, 0.0069172932330827065, 0.0036090225563909775, 0.006165413533834587, 0.005112781954887218, 0.004210526315789474, 0.005263157894736842, 0.004511278195488722, 0.0036090225563909775, 0.004210526315789474, 0.002556390977443609, 0.002706766917293233, 0.0015037593984962407, 0.0030075187969924814, 0.0018045112781954887, 0.0016541353383458647, 0.002706766917293233, 0.0009022556390977444, 0.0015037593984962407, 0.001954887218045113, 0.0016541353383458647, 0.002706766917293233, 0.0012030075187969924, 0.0015037593984962407, 0.0009022556390977444, 0.002255639097744361, 0.0009022556390977444, 0.0009022556390977444, 0.0010526315789473684, 0.00015037593984962405, 0.0010526315789473684, 0.0006015037593984962, 0.0006015037593984962, 0.0003007518796992481, 0.0006015037593984962, 0.0, 0.00015037593984962405, 0.0004511278195488722, 0.0003007518796992481, 0.0004511278195488722, 0.0003007518796992481, 0.0, 0.00015037593984962405, 0.0, 0.0, 0.0, 0.00015037593984962405, 0.0, 0.0003007518796992481, 0.0, 0.0, 0.0, 0.0, 0.0, 0.0, 0.0, 0.0, 0.0, 0.0, 0.0, 0.0, 0.0, 0.0, 0.0, 0.0, 0.0, 0.0, 0.0, 0.0, 0.0, 0.0, 0.0, 0.0, 0.0, 0.0, 0.0, 0.0, 0.0, 0.0, 0.0, 0.0, 0.0, 0.0, 0.0, 0.0, 0.0, 0.0, 0.0, 0.0, 0.0, 0.0, 0.0, 0.0, 0.0, 0.0, 0.0, 0.0, 0.0, 0.0, 0.0, 0.0, 0.0, 0.0, 0.0, 0.0, 0.0, 0.0, 0.0, 0.0, 0.0, 0.0, 0.0, 0.0, 0.0, 0.0, 0.0, 0.0, 0.0, 0.0, 0.0, 0.0, 0.0, 0.0, 0.0, 0.0, 0.0, 0.0, 0.0, 0.0, 0.0, 0.0, 0.0, 0.0, 0.0, 0.0, 0.0, 0.0, 0.0, 0.0, 0.0, 0.0, 0.0, 0.0, 0.0, 0.0, 0.0, 0.0, 0.0, 0.0, 0.0, 0.0, 0.0, 0.0, 0.0, 0.0, 0.0, 0.0, 0.0, 0.0, 0.0, 0.0, 0.0, 0.0, 0.0, 0.0, 0.0, 0.0, 0.0, 0.0, 0.0, 0.0, 0.0, 0.0, 0.0]","[0.         0.49459484 0.17644519 0.08716209 0.05463202 0.03299721
 0.02490008 0.01878949 0.01469846 0.0110203  0.0092178  0.00868459
 0.00666031 0.00516687 0.00443785 0.00460772 0.00362153 0.00238997
 0.00264242 0.00192047 0.00217292 0.00177656 0.00166095 0.00161612
 0.00162792 0.00134716 0.02520915]","[0.         0.0833635  0.0475921  0.03580623 0.02711639 0.02196615
 0.01918181 0.01694867 0.01513391 0.01364795 0.01158783 0.0115075
 0.0098716  0.00888104 0.00845871 0.00849036 0.00733801 0.00597569
 0.00635595 0.00536766 0.00575724 0.00523278 0.00513184 0.00493688
 0.00517828 0.00462538 0.01092883]"
C8H18_3300K,139.55848626148213,36.6154767307825,"[0.0, 0.0, 0.0, 0.0, 0.0, 0.0, 0.0, 0.0, 0.0, 0.0, 0.0, 0.0, 0.0, 0.0, 0.0, 0.0, 0.0, 0.0, 0.0, 0.0, 0.0, 0.0, 0.0, 0.0, 0.0, 0.0, 0.0, 0.0, 0.0, 0.0, 0.0, 0.0, 0.0, 0.0, 0.0, 0.0, 0.0, 0.0, 0.0, 0.0, 0.0, 0.0, 0.0, 0.0, 0.0, 0.0, 0.0, 0.0, 0.0, 0.0, 0.0020412655846624907, 0.0, 0.0, 0.0, 0.0004402729692409294, 0.0, 0.0, 0.0, 0.0, 0.0, 0.0, 0.0008605335307890892, 0.00018011166923492567, 0.003021873561608197, 0.010746662931017231, 0.002741699853909424, 0.0009205707538673978, 0.0010606576077167845, 0.004202605615481599, 0.002161340030819108, 0.0011206948307950929, 0.0014809181692649442, 0.0015009305769577137, 0.0031219356000720447, 0.0011006824231023235, 0.003362084492385279, 0.004462766915487602, 0.008605335307890892, 0.0014809181692649442, 0.005123176369348996, 0.004863015069342992, 0.005163201184734535, 0.004422742100102063, 0.007324541215553643, 0.003682283015469591, 0.005063139146270688, 0.005063139146270688, 0.0018811663231203346, 0.0014208809461866358, 0.0010206327923312454, 0.011467109607956933, 0.012147531469511096, 0.005203226000120074, 0.006143809161680241, 0.0022614020692829553, 0.0019011787308131042, 0.00786487622325842, 0.005903660269367008, 0.011387059977185855, 0.016029938561908385, 0.01116692349256539, 0.009005583461746283, 0.01781104284656487, 0.011126898677179852, 0.007924913446336728, 0.005463387300126078, 0.006524044907842862, 0.005303288038583922, 0.0071644419540114876, 0.010606576077167845, 0.00834517400788489, 0.009205707538673977, 0.00330204726930697, 0.006804218615541636, 0.004502791730873141, 0.005663511377053773, 0.001821129100042026, 0.0017210670615781785, 0.0032420100462286616, 0.001981228361584182, 0.004622866177029759, 0.003262022453921431, 0.009065620684824591, 0.0024615261462106507, 0.004822990253957453, 0.004502791730873141, 0.005123176369348996, 0.015229442254197603, 0.008185074746342733, 0.0050031019231923796, 0.010406452000240148, 0.0075446777001741076, 0.006423982869379015, 0.010206327923312454, 0.012527767215673717, 0.007144429546318718, 0.005483399707818848, 0.010426464407932918, 0.003862394684704517, 0.009786067361764295, 0.004903039884728531, 0.004342692469330985, 0.005843623046288699, 0.009425844023294442, 0.01366847445416158, 0.011327022754107546, 0.004682903400108067, 0.00746462806940303, 0.008105025115571655, 0.010286377554083532, 0.00578358582321039, 0.004923052292421301, 0.005763573415517621, 0.013148151854149573, 0.010566551261782305, 0.007064379915547639, 0.002981848746222658, 0.005563449338589926, 0.006584082130921171, 0.007484640477095799, 0.00918569513098121, 0.0034221217154635874, 0.007724789369409034, 0.010766675338710001, 0.018351377854269647, 0.012507754807980949, 0.005183213592427305, 0.018411415077347955, 0.01370849926954712, 0.009345794392523364, 0.015509615961896376, 0.01370849926954712, 0.010026216254077527, 0.01324821389261342, 0.016710360423462547, 0.012267605915667714, 0.012267605915667714, 0.008565310492505354, 0.015709740038824072, 0.015809802077287917, 0.011727270907962937, 0.008865496607896897, 0.01659028597730593, 0.00788488863095119, 0.009766054954071525, 0.013528387600312193, 0.008385198823270427, 0.00372230783085513, 0.006524044907842862, 0.002981848746222658, 0.0044827793231803715, 0.004262642838559907, 0.00620384638475855, 0.00744461566171026, 0.0016610298384998699, 0.0029017991154515798, 0.005523424523204387, 0.0049430647001140705, 0.009585943284836598, 0.001080670015409554, 0.0004402729692409294, 0.0018011166923492564, 0.0002801737076987732, 0.00040024815385539036, 0.0002401488923132342, 0.0007804839000180112, 6.003722307830855e-05, 4.002481538553903e-05, 0.0001400868538493866, 0.0, 0.00018011166923492567, 0.0, 0.00016009926154215612, 0.00018011166923492567, 0.0, 0.0, 0.0, 0.0, 0.00016009926154215612, 0.0, 0.0, 0.0, 0.0, 0.0, 0.0, 0.0, 0.0, 0.0, 0.0, 0.0, 0.0, 0.0, 0.0, 0.0, 0.0, 0.0, 0.0, 0.0, 0.0, 0.0, 0.0, 0.0, 0.0, 0.0, 0.0, 0.0, 0.0, 0.0, 0.0, 0.0, 0.0, 0.0, 0.0, 0.0, 0.0, 0.0, 0.0, 0.0, 0.0, 0.0, 0.0, 0.0, 0.0, 0.0, 0.0, 0.0, 0.0, 0.0, 0.0, 0.0, 0.0, 0.0, 0.0, 0.0, 0.0, 0.0, 0.0, 0.0, 0.0, 0.0, 0.0, 0.0, 0.0, 0.0, 0.0, 0.0, 0.0, 0.0, 0.0]","[0.00000000e+00 5.51649539e-01 1.74074559e-01 8.42535507e-02
 4.95689977e-02 2.70835139e-02 1.59022430e-02 1.19894633e-02
 7.01373927e-03 7.46922923e-03 7.42811421e-03 3.82490643e-03
 1.96868406e-03 3.32830145e-03 2.31211543e-03 2.72084713e-03
 1.21047466e-03 2.66723637e-03 1.91426711e-03 1.26892248e-03
 1.12501990e-03 1.83768031e-03 1.01255822e-03 4.58714672e-04
 5.37720011e-04 7.41279685e-04 3.66383228e-02]","[0.         0.05510655 0.04557845 0.03769515 0.03107345 0.02271372
 0.01710912 0.0150713  0.01134006 0.01187086 0.01172962 0.00830196
 0.00654405 0.00768203 0.00647478 0.00702023 0.00479046 0.00748513
 0.005907   0.00500038 0.00488659 0.0058997  0.00443417 0.00300483
 0.00331361 0.00387905 0.01613392]"
C8H18_4000K_1040at,116.88792189344377,40.29629178663637,"[0.0, 0.0, 0.0, 0.0, 0.0, 0.0, 0.0, 0.0, 0.0, 0.0, 0.0, 0.0, 0.0, 0.0, 0.0, 0.0, 0.0, 0.0, 0.0, 0.0, 0.0, 0.0, 0.0, 0.0, 0.0, 0.0, 0.0, 0.0, 0.0, 0.0, 0.0007802652901986675, 0.0, 0.0, 0.0, 0.00036012244163015426, 0.0, 0.00040013604625572694, 4.00136046255727e-05, 0.00040013604625572694, 0.00036012244163015426, 0.0020406938359042075, 0.00018006122081507713, 0.00036012244163015426, 0.0009203129063881719, 0.0, 0.00208070744052978, 0.002180741452093712, 0.0019806734289658486, 0.002981013544605166, 0.003321129183922534, 0.0028009523237900887, 0.006302142728527699, 0.005701938659144109, 0.0038413060440549785, 0.004721605345817578, 0.0026208911029750115, 0.006022047496148691, 0.005061720985134946, 0.008662945401436488, 0.007182442030290299, 0.0067022787747834265, 0.007662605285797171, 0.0062021087169637674, 0.006322149530840486, 0.005161754996698877, 0.006302142728527699, 0.0050017005781965865, 0.005401836624452314, 0.003461176800112038, 0.006222115519276554, 0.005922013484584759, 0.005181761799011664, 0.005601904647580177, 0.00548186383370346, 0.00882299981993878, 0.007002380809475222, 0.005461857031390673, 0.008722965808374847, 0.006262129123902126, 0.008042734529740112, 0.009703299121701378, 0.007822659704299462, 0.010543584818838405, 0.00794270051817618, 0.011243822899785927, 0.009083088250005002, 0.008042734529740112, 0.005461857031390673, 0.006962367204849649, 0.008082748134365684, 0.006342156333153272, 0.00870295900606206, 0.00936318348238401, 0.00882299981993878, 0.007422523658043735, 0.007422523658043735, 0.009343176680071225, 0.01096372766740692, 0.010163455574895465, 0.009843346737890883, 0.012984414700998339, 0.008963047436128283, 0.0121641358061741, 0.010883700458155773, 0.009983394354080388, 0.008442870575995838, 0.011623952143728867, 0.008462877378308625, 0.008242802552867976, 0.00860292499449813, 0.009903367144829242, 0.0072824760418542306, 0.007382510053418162, 0.009183122261568933, 0.009303163075445651, 0.007062401216413581, 0.007442530460356521, 0.00772262569273553, 0.0073224896464798035, 0.008302822959806335, 0.010103435167957106, 0.009723305924014165, 0.009563251505511874, 0.007822659704299462, 0.009443210691635156, 0.007202448832603085, 0.007262469239541444, 0.008002720925114538, 0.008582918192185342, 0.008863013424564352, 0.007642598483484385, 0.008202788948242402, 0.007302482844167017, 0.005841986275333613, 0.007182442030290299, 0.007542564471920453, 0.007842666506612249, 0.005521877438329032, 0.005902006682271973, 0.007202448832603085, 0.006182101914650981, 0.006562231158593922, 0.0055418842406418185, 0.005801972670708041, 0.005101734589760518, 0.007442530460356521, 0.006102074705399836, 0.00564191825220575, 0.005821979473020827, 0.0067823059840345715, 0.005301802612888382, 0.0055618910429546045, 0.005761959066082468, 0.006642258367845068, 0.006282135926214913, 0.006442190344717204, 0.005902006682271973, 0.008442870575995838, 0.005301802612888382, 0.006582237960906709, 0.0058619930776464, 0.006322149530840486, 0.006162095112338195, 0.004721605345817578, 0.004701598543504792, 0.004561550927315287, 0.0034411699977992516, 0.005141748194386091, 0.003041033951543525, 0.004881659764319869, 0.004321469299561851, 0.004041374067182842, 0.00460156453194086, 0.0038413060440549785, 0.006162095112338195, 0.004001360462557269, 0.004581557729628073, 0.00208070744052978, 0.0037812856371166196, 0.0038413060440549785, 0.004261448892623492, 0.003221095172358602, 0.0031410679631074566, 0.0026208911029750115, 0.002420823079847148, 0.002020687033591421, 0.003001020346917952, 0.0026208911029750115, 0.003461176800112038, 0.003461176800112038, 0.004041374067182842, 0.0021607346497809253, 0.0023808094752215754, 0.0035412040093631835, 0.00312106116079467, 0.002120721045155353, 0.002400816277534362, 0.0031410679631074566, 0.0016805713942740531, 0.001320448952643899, 0.0017005781965868396, 0.0031410679631074566, 0.0021407278474681393, 0.0014204829642078306, 0.002060700638216994, 0.0012604285457055399, 0.001660564591961267, 0.0011603945341416083, 0.001900646219714703, 0.0007802652901986675, 0.0009003061040753856, 0.0006602244763219495, 0.00020006802312786347, 0.0004401496508812996, 0.00036012244163015426, 0.00040013604625572694, 0.0002200748254406498, 0.0002200748254406498, 0.0006402176740091632, 0.00030010203469179523, 0.00018006122081507713, 0.00028009523237900884, 8.00272092511454e-05, 2.000680231278635e-05, 0.0001600544185022908, 0.0004401496508812996, 6.002040693835904e-05, 0.00018006122081507713, 0.0, 0.0, 4.00136046255727e-05, 0.0, 0.0, 0.0, 0.0, 0.0, 0.0, 2.000680231278635e-05, 0.0, 0.0, 0.0, 0.0, 0.0, 0.0, 0.0, 0.0, 0.0, 0.0, 0.0, 0.0, 0.0, 0.0, 0.0, 0.0, 0.0, 0.0, 0.0, 0.0, 0.0, 0.0, 0.0, 0.0, 0.0, 0.0, 0.0, 0.0, 0.0, 0.0, 0.0, 0.0, 0.0, 0.0, 0.0, 0.0, 0.0, 0.0, 0.0, 0.0, 0.0, 0.0, 0.0, 0.0, 0.0, 0.0, 0.0, 0.0, 0.0, 0.0, 0.0, 0.0, 0.0, 0.0, 0.0, 0.0, 0.0, 0.0, 0.0, 0.0, 0.0, 0.0, 0.0, 0.0, 0.0, 0.0, 0.0, 0.0, 0.0, 0.0, 0.0, 0.0, 0.0, 0.0, 0.0, 0.0, 0.0, 0.0, 0.0, 0.0, 0.0, 0.0, 0.0]","[0.         0.56416867 0.16715425 0.06980497 0.04000487 0.02469654
 0.01582489 0.0136939  0.01098863 0.00864341 0.00672699 0.005516
 0.00495573 0.00392727 0.00305232 0.0032779  0.00263687 0.00236791
 0.00207259 0.00222275 0.00180663 0.00123067 0.00159273 0.00172755
 0.00140953 0.00164312 0.03885329]","[0.         0.08086816 0.05030196 0.03335274 0.02485211 0.01973799
 0.01566951 0.01445566 0.01352145 0.01180565 0.01065992 0.00931665
 0.00893397 0.00797806 0.00737226 0.00766011 0.00678969 0.00632183
 0.00573783 0.00616797 0.0054861  0.0044712  0.00504404 0.00560812
 0.00486647 0.00515736 0.01619922]"
C2H6_3300K,18.84402373551851,6.004180360841071,"[0.0, 0.0, 0.0, 0.0, 0.0, 0.0, 0.0, 0.0, 0.0, 0.0, 0.0017388658247657965, 0.018453713565327014, 0.06453365792162062, 0.11070054556915251, 0.07692307692307693, 0.0598169843719434, 0.0818353728780403, 0.057295628926032995, 0.03936357510813572, 0.06840263438172452, 0.06648988197448215, 0.08829091225248331, 0.053035407655356796, 0.08361771034842524, 0.012172060773360575, 0.00610776620948986, 0.04168930814875997, 0.025430912687199773, 0.006325124437585585, 0.0003477731649531593, 0.0062599169691568675, 0.0011519986089073401, 0.00013041493685743473, 0.0013476210141934923, 0.0009129045580020432, 0.003325580889864586, 4.3471645619144915e-05, 0.00017388658247657966, 0.0, 0.001434564305431782, 0.0016736583563370792, 0.0013476210141934923, 0.01415002064903167, 0.0009129045580020432, 6.520746842871737e-05, 0.0004347164561914491, 0.00013041493685743473, 0.0, 0.0, 0.0, 0.002195318103766818, 0.0, 0.0017388658247657965, 0.0, 0.0, 0.0, 0.0, 0.0, 0.0, 0.0, 0.0, 0.0, 0.0, 0.0, 0.0, 0.0, 0.0, 0.0, 0.0, 0.0, 0.0, 0.0, 0.0, 0.0, 0.0, 0.0, 0.0, 0.0, 0.0, 0.0, 0.0, 0.0, 0.0, 0.0, 0.0, 0.0, 0.0, 0.0, 0.0, 0.0, 0.0, 0.0, 0.0, 0.0, 0.0, 0.0, 0.0, 0.0, 0.0, 0.0, 0.0, 0.0, 0.0, 0.0, 0.0, 0.0, 0.0, 0.0, 0.0, 0.0, 0.0, 0.0, 0.0, 0.0, 0.0, 0.0, 0.0, 0.0, 0.0, 0.0, 0.0, 0.0, 0.0, 0.0, 0.0, 0.0, 0.0, 0.0, 0.0, 0.0, 0.0, 0.0, 0.0, 0.0, 0.0, 0.0, 0.0, 0.0, 0.0, 0.0, 0.0, 0.0, 0.0, 0.0, 0.0, 0.0, 0.0, 0.0, 0.0, 0.0, 0.0, 0.0, 0.0, 0.0, 0.0, 0.0, 0.0, 0.0, 0.0, 0.0, 0.0, 0.0, 0.0, 0.0, 0.0, 0.0, 0.0, 0.0, 0.0, 0.0, 0.0, 0.0, 0.0, 0.0, 0.0, 0.0, 0.0, 0.0, 0.0, 0.0, 0.0, 0.0, 0.0, 0.0, 0.0, 0.0, 0.0, 0.0, 0.0, 0.0, 0.0, 0.0, 0.0, 0.0, 0.0, 0.0, 0.0, 0.0, 0.0, 0.0, 0.0, 0.0, 0.0, 0.0, 0.0, 0.0, 0.0, 0.0, 0.0, 0.0, 0.0, 0.0, 0.0, 0.0, 0.0, 0.0, 0.0, 0.0, 0.0, 0.0, 0.0, 0.0, 0.0, 0.0, 0.0, 0.0, 0.0, 0.0, 0.0, 0.0, 0.0, 0.0, 0.0, 0.0, 0.0, 0.0, 0.0, 0.0, 0.0, 0.0, 0.0, 0.0, 0.0, 0.0, 0.0, 0.0, 0.0, 0.0, 0.0, 0.0, 0.0]","[0.00000000e+00 5.81343505e-01 2.16627508e-01 6.32220179e-02
 4.43698973e-02 2.37989765e-02 1.50025055e-02 1.45893435e-02
 8.56341005e-03 5.03805355e-03 7.27803819e-03 3.10110540e-03
 3.77046237e-03 2.21493872e-03 1.84479445e-03 1.47465018e-03
 1.23317693e-03 7.38759019e-04 6.01675629e-04 7.60745894e-04
 5.90586596e-04 8.06440357e-04 8.38369124e-04 8.09499401e-04
 2.15089000e-04 1.59070265e-04 1.00738128e-03]","[0.         0.02418823 0.02885734 0.02388467 0.01638953 0.01232003
 0.01101523 0.00935274 0.00777362 0.006586   0.0077527  0.0056547
 0.00624164 0.00430413 0.00430013 0.00349705 0.00331684 0.00246172
 0.00223479 0.00259715 0.00220367 0.00254496 0.00258293 0.00265652
 0.00135856 0.00117213 0.00289092]"
C2H6_4000K,21.688034829605165,7.086568068277218,"[0.0, 0.0, 0.0, 0.0, 0.0, 0.0, 0.0, 0.0, 0.0, 0.0008507231146474503, 0.009858379622679277, 0.007406295351048391, 0.0157633988890557, 0.041885602762348, 0.034078967122053744, 0.0938297552919982, 0.07301206025121353, 0.04623930340789671, 0.04628934594405244, 0.05739878897062503, 0.07146074163038582, 0.08221988690386829, 0.06270329780313266, 0.05034279137266676, 0.04283641094930691, 0.01936646149226843, 0.023519991993194215, 0.01306110193664615, 0.023770204673972877, 0.035129860381324124, 0.018866036130711104, 0.034229094730520944, 0.016063654105990092, 0.01831556823299805, 0.004904168543261773, 0.009007656508031828, 0.0061552319471550815, 0.003502977530901266, 0.010058549767302206, 0.005554721513286293, 0.007256167742581194, 0.003603062603212731, 0.0026022118800980835, 0.0006005104338687885, 0.002151829054696492, 0.0002502126807786619, 0.0013511484762047741, 0.00030025521693439425, 0.00030025521693439425, 0.0, 0.000800680578491718, 0.0005504678977130561, 0.002151829054696492, 0.0, 0.0, 0.0, 0.0, 0.000400340289245859, 0.0, 0.0, 0.0, 0.0, 0.0, 0.0, 0.0, 0.0, 0.0, 0.0, 0.0, 0.0, 0.0, 0.0, 0.0, 0.0, 0.0, 0.0, 0.0, 0.0, 0.0, 0.0, 0.0, 0.0, 0.0, 0.0, 0.0, 0.0, 0.0, 0.0, 0.0, 0.0, 0.0, 0.0, 0.0, 0.0, 0.0, 0.0, 0.0, 0.0, 0.0, 0.0, 0.0, 0.0, 0.0, 0.0, 0.0, 0.0, 0.0, 0.0, 0.0, 0.0, 0.0, 0.0, 0.0, 0.0, 0.0, 0.0, 0.0, 0.0, 0.0, 0.0, 0.0, 0.0, 0.0, 0.0, 0.0, 0.0, 0.0, 0.0, 0.0, 0.0, 0.0, 0.0, 0.0, 0.0, 0.0, 0.0, 0.0, 0.0, 0.0, 0.0, 0.0, 0.0, 0.0, 0.0, 0.0, 0.0, 0.0, 0.0, 0.0, 0.0, 0.0, 0.0, 0.0, 0.0, 0.0, 0.0, 0.0, 0.0, 0.0, 0.0, 0.0, 0.0, 0.0, 0.0, 0.0, 0.0, 0.0, 0.0, 0.0, 0.0, 0.0, 0.0, 0.0, 0.0, 0.0, 0.0, 0.0, 0.0, 0.0, 0.0, 0.0, 0.0, 0.0, 0.0, 0.0, 0.0, 0.0, 0.0, 0.0, 0.0, 0.0, 0.0, 0.0, 0.0, 0.0, 0.0, 0.0, 0.0, 0.0, 0.0, 0.0, 0.0, 0.0, 0.0, 0.0, 0.0, 0.0, 0.0, 0.0, 0.0, 0.0, 0.0, 0.0, 0.0, 0.0, 0.0, 0.0, 0.0, 0.0, 0.0, 0.0, 0.0, 0.0, 0.0, 0.0, 0.0, 0.0, 0.0, 0.0, 0.0, 0.0, 0.0, 0.0, 0.0, 0.0, 0.0, 0.0, 0.0, 0.0, 0.0, 0.0, 0.0, 0.0, 0.0, 0.0, 0.0, 0.0, 0.0, 0.0, 0.0, 0.0]","[0.00000000e+00 6.08372604e-01 1.66931091e-01 7.30309979e-02
 3.65093751e-02 2.78888966e-02 1.89947297e-02 1.54617467e-02
 1.02235106e-02 8.45560595e-03 5.65654129e-03 4.16797780e-03
 4.02430315e-03 2.90364095e-03 2.66386917e-03 3.13399144e-03
 1.79051578e-03 1.30955903e-03 1.02456507e-03 8.86543198e-04
 9.48252634e-04 1.06884512e-03 7.57942617e-04 6.34994809e-04
 4.58345660e-04 2.57672226e-04 2.44388210e-03]","[0.         0.03932707 0.0382929  0.02635532 0.01703526 0.01546002
 0.01166083 0.01252635 0.00871645 0.00800086 0.00700695 0.00609376
 0.00617272 0.00523598 0.00487825 0.00524163 0.00401976 0.00334628
 0.00296926 0.00284454 0.00306476 0.00304672 0.00261781 0.00247467
 0.00203904 0.00156455 0.00444067]"
C2H6_4000K_1280at,22.544111246969102,6.895270925670139,"[0.0, 0.0, 0.0, 0.0, 0.0, 0.0, 0.0, 0.0, 0.0, 0.0, 0.0021553064058193274, 0.004082647711023149, 0.012745321534412369, 0.015024972540567425, 0.035977037697138003, 0.051644457339440036, 0.055354071249455995, 0.06863821938532319, 0.06602698277827285, 0.05446293494704992, 0.08059602511760927, 0.06364371127183802, 0.054960313348392846, 0.07162248979338072, 0.05413134934615464, 0.0394379624064825, 0.03753134520133463, 0.03197728638633867, 0.02383271506434833, 0.031044701883820695, 0.023521853563509006, 0.0255528153689926, 0.012703873334300458, 0.012807493834580233, 0.016040453443309226, 0.009595258325907198, 0.00743995192008787, 0.007087642219136634, 0.0028806499077777548, 0.0059685408161150606, 0.003916854910575508, 0.0033573042090647215, 0.0024868920067146086, 0.0016786521045323607, 0.0005388266014548319, 0.0010154809027417984, 0.001222721903301349, 0.00024868920067146086, 0.000580274801566742, 0.00026941330072741593, 0.0010154809027417984, 0.0, 0.00018651690050359564, 4.144820011191014e-05, 0.0003523097009512362, 8.289640022382029e-05, 0.00018651690050359564, 0.002652684807162249, 0.0, 0.0007046194019024724, 0.000290137400783371, 0.0006838953018465173, 0.0, 0.0, 0.0, 0.0, 0.0, 0.0, 0.0, 0.0, 0.0, 0.0, 0.0, 0.0, 0.0, 0.0, 0.0, 0.0, 0.0, 0.0, 0.0, 0.0, 0.0, 0.0, 0.0, 0.0, 0.0, 0.0, 0.0, 0.0, 0.0, 0.0, 0.0, 0.0, 0.0, 0.0, 0.0, 0.0, 0.0, 0.0, 0.0, 0.0, 0.0, 0.0, 0.0, 0.0, 0.0, 0.0, 0.0, 0.0, 0.0, 0.0, 0.0, 0.0, 0.0, 0.0, 0.0, 0.0, 0.0, 0.0, 0.0, 0.0, 0.0, 0.0, 0.0, 0.0, 0.0, 0.0, 0.0, 0.0, 0.0, 0.0, 0.0, 0.0, 0.0, 0.0, 0.0, 0.0, 0.0, 0.0, 0.0, 0.0, 0.0, 0.0, 0.0, 0.0, 0.0, 0.0, 0.0, 0.0, 0.0, 0.0, 0.0, 0.0, 0.0, 0.0, 0.0, 0.0, 0.0, 0.0, 0.0, 0.0, 0.0, 0.0, 0.0, 0.0, 0.0, 0.0, 0.0, 0.0, 0.0, 0.0, 0.0, 0.0, 0.0, 0.0, 0.0, 0.0, 0.0, 0.0, 0.0, 0.0, 0.0, 0.0, 0.0, 0.0, 0.0, 0.0, 0.0, 0.0, 0.0, 0.0, 0.0, 0.0, 0.0, 0.0, 0.0, 0.0, 0.0, 0.0, 0.0, 0.0, 0.0, 0.0, 0.0, 0.0, 0.0, 0.0, 0.0, 0.0, 0.0, 0.0, 0.0, 0.0, 0.0, 0.0, 0.0, 0.0, 0.0, 0.0, 0.0, 0.0, 0.0, 0.0, 0.0, 0.0, 0.0, 0.0, 0.0, 0.0, 0.0, 0.0, 0.0, 0.0, 0.0, 0.0, 0.0, 0.0, 0.0, 0.0, 0.0, 0.0, 0.0, 0.0, 0.0, 0.0, 0.0, 0.0, 0.0, 0.0, 0.0, 0.0, 0.0, 0.0, 0.0, 0.0, 0.0, 0.0, 0.0, 0.0, 0.0, 0.0, 0.0, 0.0, 0.0, 0.0, 0.0, 0.0, 0.0, 0.0, 0.0, 0.0, 0.0, 0.0, 0.0, 0.0, 0.0, 0.0, 0.0, 0.0, 0.0, 0.0, 0.0, 0.0, 0.0, 0.0, 0.0, 0.0, 0.0, 0.0, 0.0, 0.0, 0.0, 0.0, 0.0, 0.0, 0.0, 0.0, 0.0, 0.0, 0.0, 0.0, 0.0, 0.0, 0.0, 0.0, 0.0, 0.0, 0.0, 0.0, 0.0, 0.0, 0.0, 0.0, 0.0, 0.0, 0.0, 0.0, 0.0, 0.0, 0.0]","[0.00000000e+00 5.79476845e-01 1.87562677e-01 7.41958788e-02
 4.51177128e-02 2.85098144e-02 1.95693421e-02 1.44187035e-02
 9.45638437e-03 8.14909846e-03 5.49843591e-03 4.45010860e-03
 3.69544248e-03 3.42892643e-03 2.61611417e-03 1.94288351e-03
 1.77168397e-03 1.50563061e-03 1.36373549e-03 9.97121688e-04
 1.03629708e-03 7.96000779e-04 6.82484682e-04 7.44023979e-04
 4.95399051e-04 3.77718641e-04 2.14153668e-03]","[0.         0.04735123 0.03319724 0.02233468 0.0180062  0.01428537
 0.01227528 0.01069064 0.00839488 0.00783935 0.00640798 0.00560466
 0.00517672 0.00524699 0.0043978  0.0036841  0.00352683 0.00332697
 0.00314367 0.00276216 0.00272968 0.00243817 0.00226342 0.00231965
 0.00187175 0.00165308 0.00368303]"
CH4_3300K,4.505564519465475,1.1307512482165378,"[0.0, 0.0, 0.0, 0.03628314922841422, 0.6395267055562451, 0.25141698729882916, 0.014190558934260064, 0.0001448016217781639, 0.03189772868313268, 0.02521616813536883, 0.0013239005419717843, 0.0, 0.0, 0.0, 0.0, 0.0, 0.0, 0.0, 0.0, 0.0, 0.0, 0.0, 0.0, 0.0, 0.0, 0.0, 0.0, 0.0, 0.0, 0.0, 0.0, 0.0, 0.0, 0.0, 0.0, 0.0, 0.0, 0.0, 0.0, 0.0, 0.0, 0.0, 0.0, 0.0, 0.0, 0.0, 0.0, 0.0, 0.0, 0.0, 0.0, 0.0, 0.0, 0.0, 0.0, 0.0, 0.0, 0.0, 0.0, 0.0, 0.0, 0.0, 0.0, 0.0, 0.0, 0.0, 0.0, 0.0, 0.0, 0.0, 0.0, 0.0, 0.0, 0.0, 0.0, 0.0, 0.0, 0.0, 0.0, 0.0, 0.0, 0.0, 0.0, 0.0, 0.0, 0.0, 0.0, 0.0, 0.0, 0.0, 0.0, 0.0, 0.0, 0.0, 0.0, 0.0, 0.0, 0.0, 0.0, 0.0, 0.0, 0.0, 0.0, 0.0, 0.0, 0.0, 0.0, 0.0, 0.0, 0.0, 0.0, 0.0, 0.0, 0.0, 0.0, 0.0, 0.0, 0.0, 0.0, 0.0, 0.0, 0.0, 0.0, 0.0, 0.0, 0.0, 0.0, 0.0, 0.0, 0.0, 0.0, 0.0, 0.0, 0.0, 0.0, 0.0, 0.0, 0.0, 0.0, 0.0, 0.0, 0.0, 0.0, 0.0, 0.0, 0.0, 0.0, 0.0, 0.0, 0.0, 0.0, 0.0, 0.0, 0.0, 0.0, 0.0, 0.0, 0.0, 0.0, 0.0, 0.0]","[0.00000000e+00 8.14626508e-01 1.33613978e-01 3.69479486e-02
 1.22202113e-02 2.01932333e-03 1.12067329e-04 1.13691493e-06
 2.50446117e-04 1.97985614e-04 1.03946508e-05 0.00000000e+00
 0.00000000e+00 0.00000000e+00 0.00000000e+00 0.00000000e+00
 0.00000000e+00 0.00000000e+00 0.00000000e+00 0.00000000e+00
 0.00000000e+00 0.00000000e+00 0.00000000e+00 0.00000000e+00
 0.00000000e+00 0.00000000e+00 0.00000000e+00]","[0.00000000e+00 3.62938182e-02 2.02392744e-02 1.03392914e-02
 6.49902696e-03 3.43586596e-03 9.36772735e-04 9.44734577e-05
 1.37973297e-03 1.23097221e-03 2.85492400e-04 0.00000000e+00
 0.00000000e+00 0.00000000e+00 0.00000000e+00 0.00000000e+00
 0.00000000e+00 0.00000000e+00 0.00000000e+00 0.00000000e+00
 0.00000000e+00 0.00000000e+00 0.00000000e+00 0.00000000e+00
 0.00000000e+00 0.00000000e+00 0.00000000e+00]"
CH4_3600K,5.451842711208926,1.8024958228554844,"[0.0, 0.0, 0.0, 0.0, 0.40207615097892047, 0.2670500082689837, 0.13334690294757465, 0.040174539163178855, 0.043927385601791186, 0.08565394939381989, 0.0009413919879908914, 0.026689735010876892, 0.00013993664686351087, 0.0, 0.0, 0.0, 0.0, 0.0, 0.0, 0.0, 0.0, 0.0, 0.0, 0.0, 0.0, 0.0, 0.0, 0.0, 0.0, 0.0, 0.0, 0.0, 0.0, 0.0, 0.0, 0.0, 0.0, 0.0, 0.0, 0.0, 0.0, 0.0, 0.0, 0.0, 0.0, 0.0, 0.0, 0.0, 0.0, 0.0, 0.0, 0.0, 0.0, 0.0, 0.0, 0.0, 0.0, 0.0, 0.0, 0.0, 0.0, 0.0, 0.0, 0.0, 0.0, 0.0, 0.0, 0.0, 0.0, 0.0, 0.0, 0.0, 0.0, 0.0, 0.0, 0.0, 0.0, 0.0, 0.0, 0.0, 0.0, 0.0, 0.0, 0.0, 0.0, 0.0, 0.0, 0.0, 0.0, 0.0, 0.0, 0.0, 0.0, 0.0, 0.0, 0.0, 0.0, 0.0, 0.0, 0.0, 0.0, 0.0, 0.0, 0.0, 0.0, 0.0, 0.0, 0.0, 0.0, 0.0, 0.0, 0.0, 0.0, 0.0, 0.0, 0.0, 0.0, 0.0, 0.0, 0.0, 0.0, 0.0, 0.0, 0.0, 0.0, 0.0, 0.0, 0.0, 0.0, 0.0, 0.0, 0.0, 0.0, 0.0, 0.0, 0.0, 0.0, 0.0, 0.0, 0.0, 0.0, 0.0, 0.0, 0.0, 0.0, 0.0, 0.0, 0.0, 0.0, 0.0, 0.0, 0.0, 0.0, 0.0, 0.0, 0.0, 0.0, 0.0, 0.0, 0.0, 0.0]","[0.00000000e+00 7.79764896e-01 1.62444160e-01 3.80368135e-02
 1.34213352e-02 3.32921435e-03 1.38125536e-03 3.32097707e-04
 3.60563225e-04 7.02045169e-04 7.71592790e-06 2.18756983e-04
 1.14696225e-06 0.00000000e+00 0.00000000e+00 0.00000000e+00
 0.00000000e+00 0.00000000e+00 0.00000000e+00 0.00000000e+00
 0.00000000e+00 0.00000000e+00 0.00000000e+00 0.00000000e+00
 0.00000000e+00 0.00000000e+00 0.00000000e+00]","[0.00000000e+00 6.39617375e-02 2.52505240e-02 1.69469239e-02
 8.12502364e-03 4.99685539e-03 3.06811215e-03 1.61976761e-03
 1.68085611e-03 2.29375303e-03 2.51361289e-04 1.32103841e-03
 9.69511590e-05 0.00000000e+00 0.00000000e+00 0.00000000e+00
 0.00000000e+00 0.00000000e+00 0.00000000e+00 0.00000000e+00
 0.00000000e+00 0.00000000e+00 0.00000000e+00 0.00000000e+00
 0.00000000e+00 0.00000000e+00 0.00000000e+00]"
CH4_4500K,9.075929726212523,2.5808689736518775,"[0.0, 0.0, 0.0, 0.0, 0.002802943090244757, 0.02562690825366635, 0.09720206216527354, 0.1693277941838931, 0.18759697682566695, 0.16076880724761, 0.11922518644576806, 0.077781670754292, 0.06521847940337354, 0.031232794434155865, 0.025777065919215175, 0.010511036588417838, 0.009159617598478402, 0.008959407377746633, 0.005555833625306572, 0.001751839431402973, 0.00010010511036588417, 0.00010010511036588417, 0.001151208769207668, 0.0, 0.0, 0.00015015766554882628, 0.0, 0.0, 0.0, 0.0, 0.0, 0.0, 0.0, 0.0, 0.0, 0.0, 0.0, 0.0, 0.0, 0.0, 0.0, 0.0, 0.0, 0.0, 0.0, 0.0, 0.0, 0.0, 0.0, 0.0, 0.0, 0.0, 0.0, 0.0, 0.0, 0.0, 0.0, 0.0, 0.0, 0.0, 0.0, 0.0, 0.0, 0.0, 0.0, 0.0, 0.0, 0.0, 0.0, 0.0, 0.0, 0.0, 0.0, 0.0, 0.0, 0.0, 0.0, 0.0, 0.0, 0.0, 0.0, 0.0, 0.0, 0.0, 0.0, 0.0, 0.0, 0.0, 0.0, 0.0, 0.0, 0.0, 0.0, 0.0, 0.0, 0.0, 0.0, 0.0, 0.0, 0.0, 0.0, 0.0, 0.0, 0.0, 0.0, 0.0, 0.0, 0.0, 0.0, 0.0, 0.0, 0.0, 0.0, 0.0, 0.0, 0.0, 0.0, 0.0, 0.0, 0.0, 0.0, 0.0, 0.0, 0.0, 0.0, 0.0, 0.0, 0.0, 0.0, 0.0, 0.0, 0.0, 0.0, 0.0, 0.0, 0.0, 0.0, 0.0, 0.0, 0.0, 0.0, 0.0, 0.0, 0.0, 0.0, 0.0, 0.0, 0.0, 0.0, 0.0, 0.0, 0.0, 0.0, 0.0, 0.0, 0.0, 0.0, 0.0, 0.0, 0.0, 0.0]","[0.00000000e+00 6.44489336e-01 2.01260147e-01 7.98496354e-02
 3.29938494e-02 1.60465311e-02 8.93890668e-03 5.85034201e-03
 4.00102280e-03 2.35541517e-03 1.54481283e-03 9.53306547e-04
 7.14582036e-04 3.32092320e-04 2.73206940e-04 1.11404772e-04
 9.70813011e-05 9.49593054e-05 5.88853793e-05 1.85674620e-05
 1.06099783e-06 1.06099783e-06 1.22014750e-05 0.00000000e+00
 0.00000000e+00 1.59149674e-06 0.00000000e+00]","[0.         0.05594963 0.04353219 0.02556651 0.01713523 0.01320767
 0.00917785 0.00794297 0.00643161 0.00495765 0.00399011 0.00318077
 0.00268082 0.00184953 0.00167959 0.0010809  0.00100971 0.00099872
 0.00078781 0.00044323 0.00010604 0.00010604 0.00035941 0.
 0.         0.00012987 0.        ]"
mix_3500K,17.69649477212689,4.923921114912523,"[0.0, 0.0, 0.0, 0.0, 0.0, 0.0, 0.0, 0.0, 0.0037516371789464336, 0.0037072391058228073, 0.014584767021111283, 0.03500788065797945, 0.07363420427553444, 0.06741847403822675, 0.12005238972628587, 0.06515417230892179, 0.06946078540191356, 0.07327901969054543, 0.09854152329788887, 0.050636002397495945, 0.05896064110817591, 0.06808444513508113, 0.07365640331209626, 0.03369813750083246, 0.009412391502208805, 0.0032188603014629163, 0.014740160277043977, 0.006704109041667592, 0.0043288121295535775, 0.012498057584300842, 0.017226452371967058, 0.009123804026905232, 0.0003551845849890115, 0.012742246986480786, 0.0, 0.0, 0.0, 0.0, 0.0, 0.0, 2.2199036561813217e-05, 0.0, 0.0, 0.0, 0.0, 0.0, 0.0, 0.0, 0.0, 0.0, 0.0, 0.0, 0.0, 0.0, 0.0, 0.0, 0.0, 0.0, 0.0, 0.0, 0.0, 0.0, 0.0, 0.0, 0.0, 0.0, 0.0, 0.0, 0.0, 0.0, 0.0, 0.0, 0.0, 0.0, 0.0, 0.0, 0.0, 0.0, 0.0, 0.0, 0.0, 0.0, 0.0, 0.0, 0.0, 0.0, 0.0, 0.0, 0.0, 0.0, 0.0, 0.0, 0.0, 0.0, 0.0, 0.0, 0.0, 0.0, 0.0, 0.0, 0.0, 0.0, 0.0, 0.0, 0.0, 0.0, 0.0, 0.0, 0.0, 0.0, 0.0, 0.0, 0.0, 0.0, 0.0, 0.0, 0.0, 0.0, 0.0, 0.0, 0.0, 0.0, 0.0, 0.0, 0.0, 0.0, 0.0, 0.0, 0.0, 0.0, 0.0, 0.0, 0.0, 0.0, 0.0, 0.0, 0.0, 0.0, 0.0, 0.0, 0.0, 0.0, 0.0, 0.0, 0.0, 0.0, 0.0, 0.0, 0.0, 0.0, 0.0, 0.0, 0.0, 0.0, 0.0, 0.0, 0.0, 0.0, 0.0, 0.0, 0.0, 0.0, 0.0, 0.0, 0.0, 0.0, 0.0, 0.0, 0.0, 0.0, 0.0, 0.0, 0.0, 0.0, 0.0, 0.0, 0.0, 0.0, 0.0, 0.0, 0.0, 0.0, 0.0, 0.0, 0.0, 0.0, 0.0, 0.0, 0.0, 0.0, 0.0, 0.0, 0.0, 0.0, 0.0, 0.0, 0.0, 0.0, 0.0, 0.0, 0.0, 0.0, 0.0, 0.0, 0.0, 0.0, 0.0, 0.0, 0.0, 0.0, 0.0, 0.0, 0.0, 0.0, 0.0, 0.0, 0.0, 0.0, 0.0, 0.0, 0.0, 0.0, 0.0, 0.0, 0.0, 0.0, 0.0, 0.0, 0.0, 0.0, 0.0, 0.0, 0.0, 0.0, 0.0, 0.0, 0.0, 0.0, 0.0, 0.0, 0.0]","[0.00000000e+00 6.22562168e-01 1.75068970e-01 7.04145041e-02
 4.18723594e-02 2.33839117e-02 1.72807244e-02 8.39554022e-03
 9.76654323e-03 8.61948892e-03 4.40933140e-03 3.05354442e-03
 3.09938757e-03 2.65831788e-03 1.69756235e-03 1.27053822e-03
 8.14447578e-04 8.55023649e-04 1.03547012e-03 4.90619320e-04
 8.38247004e-04 6.75162412e-04 6.47851595e-04 2.96127287e-04
 8.27127600e-05 2.82862033e-05 6.83160579e-04]","[0.         0.04232275 0.03279608 0.02474391 0.01999404 0.01285705
 0.01223769 0.00806197 0.00883007 0.00774278 0.00590197 0.00575912
 0.00608034 0.00440882 0.00353293 0.00316606 0.00259561 0.00270064
 0.00284047 0.00201759 0.00258669 0.00243089 0.00229713 0.00158574
 0.00084853 0.00049776 0.00235301]"
