,DegDist,r,CompSizeDist,CompSizeStdev,MaxMol,MaxMolStdev,LoopSizeDist,LoopCountDist
C4H10_3200K_1,"[1.34952635e-01 3.92323098e-01 3.04838234e-01 1.40749934e-01
 2.71356314e-02 4.69087743e-07]",-0.17906939897297044,"[0.         0.53652944 0.14474005 0.07804112 0.05064621 0.03281844
 0.01495663 0.01601497 0.00962161 0.00753092 0.00745851 0.00691449
 0.0113001  0.00685879 0.00439428 0.00640327 0.01013469 0.00435157
 0.00799758 0.00678018 0.0018227  0.00339102 0.00264214 0.00355875
 0.00419932 0.00413062 0.01676262]",[0.         0.06216196 0.0305432  0.03356495 0.02088879 0.01261758],41.24773837162757,15.79512392370984,"[0.00000000e+00 0.00000000e+00 0.00000000e+00 4.18706507e-02
 1.45058684e-01 5.02384464e-01 2.19443112e-01 1.89580751e-02
 8.77772449e-03 4.82593863e-02 2.26230013e-03 6.46112916e-03
 1.08590406e-04 0.00000000e+00 0.00000000e+00 0.00000000e+00
 6.41588316e-03 0.00000000e+00 0.00000000e+00 0.00000000e+00
 0.00000000e+00 0.00000000e+00 0.00000000e+00 0.00000000e+00
 0.00000000e+00 0.00000000e+00 0.00000000e+00]","[0.00756545 0.0154111  0.05275799 0.17136338 0.28688656 0.23725082
 0.16011528 0.05740133 0.00908654 0.00216156 0.         0.
 0.         0.         0.         0.         0.         0.
 0.         0.         0.         0.         0.         0.
 0.         0.         0.         0.         0.         0.
 0.         0.        ]"
C4H10_3200K_2,"[1.19895616e-01 3.95759659e-01 3.54021985e-01 1.14675465e-01
 1.56468042e-02 4.70594731e-07]",-0.06794536461537251,"[0.00000000e+00 4.63933875e-01 1.85800098e-01 1.07701481e-01
 4.90183226e-02 4.33993303e-02 2.74449202e-02 1.21586754e-02
 1.47147399e-02 1.26655386e-02 8.87946987e-03 7.46943567e-03
 5.00580265e-03 6.57351419e-03 5.51568648e-03 7.99381856e-03
 4.54364491e-03 4.32253415e-03 3.99388864e-03 2.74274005e-03
 2.90041739e-03 1.83352776e-03 7.74491793e-04 4.47054545e-04
 1.11099096e-03 9.76874593e-04 1.80791274e-02]",[0.         0.06949592 0.05523482 0.04010493 0.0224832  0.02385849],48.85145771423982,18.615056847127068,"[0.00000000e+00 0.00000000e+00 0.00000000e+00 4.98462651e-02
 1.36793875e-01 3.83493097e-01 2.92530295e-01 5.11243745e-02
 1.08759872e-02 0.00000000e+00 7.71688672e-04 4.99186110e-03
 0.00000000e+00 4.82305420e-05 1.61572316e-03 2.80942907e-03
 1.64827877e-02 9.64610840e-05 1.34322059e-02 5.54651233e-04
 4.82305420e-04 1.67118828e-02 1.10327365e-02 6.08910593e-03
 1.20576355e-04 8.44034485e-05 1.20576355e-05]","[4.75463818e-02 9.73817364e-02 1.51112360e-01 2.26728777e-01
 2.23476026e-01 1.81029636e-01 5.75455787e-02 1.50991888e-02
 8.03148341e-05 0.00000000e+00 0.00000000e+00 0.00000000e+00
 0.00000000e+00 0.00000000e+00 0.00000000e+00 0.00000000e+00
 0.00000000e+00 0.00000000e+00 0.00000000e+00 0.00000000e+00
 0.00000000e+00 0.00000000e+00 0.00000000e+00 0.00000000e+00
 0.00000000e+00 0.00000000e+00 0.00000000e+00 0.00000000e+00
 0.00000000e+00 0.00000000e+00 0.00000000e+00 0.00000000e+00]"
C4H10_3300K_1,"[1.37426996e-01 3.76480272e-01 3.48792498e-01 1.19844736e-01
 1.74548618e-02 6.36197068e-07]",-0.04115586633630368,"[0.         0.5242598  0.19723363 0.06186908 0.03478857 0.03021216
 0.0274814  0.01923964 0.02049121 0.01407035 0.00705359 0.00407047
 0.0054289  0.00410247 0.00412662 0.00219462 0.00119542 0.00177079
 0.00215297 0.00216383 0.00187464 0.00101913 0.00094849 0.00139224
 0.00083679 0.00250676 0.02751642]",[0.         0.03300422 0.04595815 0.02141543 0.02103749 0.01689664],48.77304560260586,15.434031304892315,"[0.00000000e+00 0.00000000e+00 0.00000000e+00 9.70723079e-02
 9.58449153e-02 5.19499898e-01 1.97838827e-01 1.35133509e-02
 2.86030589e-02 0.00000000e+00 0.00000000e+00 4.69297137e-04
 1.20332599e-04 2.78208970e-02 1.20332599e-05 2.40665199e-04
 0.00000000e+00 1.69548632e-02 7.09962336e-04 7.21995596e-05
 1.68465639e-04 4.57263877e-04 6.01662997e-04 0.00000000e+00
 0.00000000e+00 0.00000000e+00 0.00000000e+00]","[0.01905537 0.10916124 0.17809446 0.29552117 0.20537459 0.06653094
 0.04332248 0.05631107 0.01677524 0.00924267 0.00061075 0.
 0.         0.         0.         0.         0.         0.
 0.         0.         0.         0.         0.         0.
 0.         0.         0.         0.         0.         0.
 0.         0.        ]"
C4H10_3300K_2,"[1.26036154e-01 4.00083036e-01 3.25686687e-01 1.23930801e-01
 2.42605031e-02 2.81904017e-06]",-0.06772665601303207,"[0.00000000e+00 4.93067158e-01 1.82390685e-01 8.61385251e-02
 5.04541071e-02 3.09466253e-02 1.79757968e-02 2.04389366e-02
 1.31904249e-02 1.43719756e-02 1.13952241e-02 5.94740300e-03
 8.92476444e-03 6.53665339e-03 5.67717741e-03 3.28723639e-03
 7.38392957e-03 4.31018970e-03 3.09996944e-03 1.52497513e-03
 1.68723248e-03 4.57492538e-04 7.22228220e-04 7.38087962e-04
 9.32064798e-04 1.54449481e-03 2.68566420e-02]",[0.         0.03777356 0.04878067 0.03202438 0.03051387 0.01639243],43.87142169834015,10.647798711839423,"[0.00000000e+00 0.00000000e+00 0.00000000e+00 6.60148228e-02
 7.36138764e-02 4.43851438e-01 2.37874350e-01 1.10837772e-01
 2.56324727e-02 3.44615513e-02 4.75331742e-03 5.21197085e-05
 8.33915337e-05 1.04239417e-05 1.04239417e-05 0.00000000e+00
 2.17860382e-03 0.00000000e+00 1.56359126e-04 0.00000000e+00
 4.69077377e-04 0.00000000e+00 0.00000000e+00 0.00000000e+00
 0.00000000e+00 0.00000000e+00 0.00000000e+00]","[0.00621442 0.0579745  0.17167829 0.20692005 0.23702991 0.14802341
 0.0981878  0.05364446 0.01166707 0.00866009 0.         0.
 0.         0.         0.         0.         0.         0.
 0.         0.         0.         0.         0.         0.
 0.         0.         0.         0.         0.         0.
 0.         0.        ]"
C4H10_3400K_1,"[1.48561481e-01 3.46901266e-01 3.46693954e-01 1.42146851e-01
 1.56961364e-02 3.12687613e-07]",-0.031188556245638384,"[0.         0.57511368 0.14232106 0.0686292  0.04713597 0.0231593
 0.01809424 0.01745456 0.01513194 0.00721782 0.00544333 0.00463017
 0.0078569  0.0087851  0.00573667 0.00633901 0.00254307 0.00141911
 0.00204193 0.0038652  0.00200699 0.00171546 0.00138839 0.00243706
 0.00188833 0.00272377 0.02492174]",[0.         0.04795107 0.02927839 0.02790718 0.02320146 0.01836789],54.23113868320993,21.029986285256427,"[0.00000000e+00 0.00000000e+00 0.00000000e+00 5.00213554e-02
 5.81150342e-02 4.32075740e-01 2.80595103e-01 1.06363895e-01
 1.30481207e-02 5.35307517e-03 2.14906036e-02 8.54214123e-05
 7.04014806e-03 1.16030752e-03 7.28217540e-03 7.11845103e-06
 2.13553531e-05 0.00000000e+00 3.72294989e-03 2.61958998e-03
 4.63411162e-03 1.13895216e-04 8.54214123e-05 8.25740319e-04
 4.69105923e-03 5.62357631e-04 8.54214123e-05]","[0.         0.00040024 0.0254953  0.03474084 0.11695017 0.29797879
 0.27388433 0.15921553 0.0731639  0.01556934 0.00260156 0.
 0.         0.         0.         0.         0.         0.
 0.         0.         0.         0.         0.         0.
 0.         0.         0.         0.         0.         0.
 0.         0.        ]"
C4H10_3400K_2,"[1.63527620e-01 3.45026553e-01 3.26423919e-01 1.44948431e-01
 2.00695688e-02 3.90765676e-06]",-0.039321322299279225,"[0.00000000e+00 6.12056937e-01 1.60929205e-01 5.46273931e-02
 3.18427348e-02 2.22104851e-02 1.62113656e-02 1.01557605e-02
 8.73546806e-03 5.93681067e-03 8.72731550e-03 5.24791935e-03
 5.51811848e-03 4.42334614e-03 6.20759213e-03 3.38913567e-03
 3.19929748e-03 3.62148363e-03 2.51098849e-03 1.04469233e-03
 1.12447096e-03 1.72776040e-03 2.00844139e-03 1.76677622e-03
 1.45348499e-03 6.05036419e-04 2.47179797e-02]",[0.         0.08903753 0.07550365 0.0273286  0.01760631 0.01632157],64.06662398463448,26.481974039415416,"[0.00000000e+00 0.00000000e+00 0.00000000e+00 7.38602305e-02
 8.17698896e-02 4.16449059e-01 2.43621632e-01 8.20868271e-02
 4.42541288e-02 1.61638154e-02 9.10161983e-03 8.59176376e-03
 6.91750667e-03 2.13588353e-04 2.15655337e-03 1.44688884e-04
 1.17129097e-04 2.71463907e-03 2.04631422e-03 1.52956821e-03
 1.80516608e-03 0.00000000e+00 4.13396813e-05 5.51195750e-04
 5.43616809e-03 0.00000000e+00 4.27176706e-04]","[0.00000000e+00 1.48053299e-03 3.88139730e-02 5.38593894e-02
 1.24684887e-01 2.42567324e-01 1.97110960e-01 1.60177664e-01
 1.02196791e-01 6.00216078e-02 1.63658917e-02 2.60093634e-03
 1.20043216e-04 0.00000000e+00 0.00000000e+00 0.00000000e+00
 0.00000000e+00 0.00000000e+00 0.00000000e+00 0.00000000e+00
 0.00000000e+00 0.00000000e+00 0.00000000e+00 0.00000000e+00
 0.00000000e+00 0.00000000e+00 0.00000000e+00 0.00000000e+00
 0.00000000e+00 0.00000000e+00 0.00000000e+00 0.00000000e+00]"
C4H10_3500K_1,"[1.46857799e-01 3.74047050e-01 3.09878841e-01 1.42469913e-01
 2.67438951e-02 2.50200160e-06]",-0.04808006106769859,"[0.         0.56160452 0.17172074 0.07597889 0.0384511  0.02885986
 0.01763473 0.01721527 0.006958   0.00684927 0.00751174 0.0067447
 0.00318638 0.00592776 0.00292496 0.0028097  0.00288812 0.00257204
 0.00180084 0.00200998 0.0019577  0.00153645 0.00175331 0.00134395
 0.00214604 0.000953   0.02666094]",[0.         0.06256989 0.04175173 0.02621812 0.02463366 0.01937874],60.44527622097678,22.299319618053495,"[0.00000000e+00 0.00000000e+00 0.00000000e+00 8.38283202e-02
 6.80456716e-02 4.05300946e-01 2.73447829e-01 7.88879400e-02
 2.36391815e-02 8.09690989e-03 1.43846665e-02 2.75168422e-03
 3.77644938e-03 5.62988266e-03 3.56137521e-03 3.73849511e-03
 2.96675839e-03 9.06474365e-03 5.54764842e-03 9.55182339e-04
 3.68156372e-03 1.46123921e-03 8.66622387e-04 5.06056868e-05
 4.42799760e-05 0.00000000e+00 2.72005567e-04]","[0.         0.         0.00344275 0.0236189  0.09831865 0.20888711
 0.21457166 0.2123699  0.14591673 0.06385108 0.02285829 0.00556445
 0.00060048 0.         0.         0.         0.         0.
 0.         0.         0.         0.         0.         0.
 0.         0.         0.         0.         0.         0.
 0.         0.        ]"
C4H10_3500K_2,"[1.54753584e-01 3.62590248e-01 3.16711660e-01 1.43892296e-01
 2.20492433e-02 2.96970030e-06]",0.017511209848613637,"[0.         0.57597313 0.17528158 0.06029572 0.0365872  0.0289837
 0.0171575  0.01490035 0.01424883 0.00806292 0.00682759 0.00736801
 0.00659499 0.00470409 0.00337966 0.00284965 0.00264945 0.00187007
 0.00107043 0.00232427 0.00126947 0.00121219 0.00099926 0.00110862
 0.00100909 0.00085113 0.02242111]",[0.         0.04300641 0.03892521 0.02715713 0.02411265 0.02156431],67.99543854033291,18.62836504674322,"[0.00000000e+00 0.00000000e+00 0.00000000e+00 6.85972729e-02
 7.09988480e-02 4.62211765e-01 2.15062874e-01 1.15879044e-01
 2.81301239e-02 1.52262296e-02 9.69773069e-03 5.44316374e-03
 9.32591324e-04 2.81606008e-03 5.97346077e-04 1.88956412e-04
 1.44460225e-03 1.58479571e-04 7.31444176e-05 1.21907363e-05
 1.31659952e-03 8.96019115e-04 2.07242516e-04 0.00000000e+00
 4.87629450e-05 0.00000000e+00 6.09536813e-05]","[0.         0.00072023 0.02164693 0.04253361 0.11983835 0.19758323
 0.18629962 0.14620679 0.10487356 0.05585787 0.0315701  0.0396927
 0.01912612 0.01712548 0.01572503 0.00120038 0.         0.
 0.         0.         0.         0.         0.         0.
 0.         0.         0.         0.         0.         0.
 0.         0.        ]"
C4H10_3600K_1,"[1.55363743e-01 3.51803681e-01 3.28764762e-01 1.45326224e-01
 1.87253349e-02 1.62558521e-05]",-0.02974047926690221,"[0.         0.59294275 0.17010684 0.05407082 0.03578506 0.02500814
 0.01742278 0.01213337 0.00920635 0.00793352 0.00625737 0.0062123
 0.00421231 0.00498514 0.00451065 0.00303557 0.00332738 0.00307531
 0.00253023 0.00278053 0.00244838 0.00175562 0.00132977 0.00178943
 0.00092289 0.00099525 0.02522226]",[0.         0.05947928 0.04075181 0.02680659 0.01936833 0.01749736],66.70481373294386,24.69337018204397,"[0.00000000e+00 0.00000000e+00 0.00000000e+00 1.01700305e-01
 9.25516415e-02 4.14300612e-01 2.36275155e-01 6.03575153e-02
 2.01610816e-02 1.52576344e-02 6.58230469e-03 1.09236675e-02
 3.83104925e-03 1.03098121e-02 3.18761048e-03 3.15063124e-03
 3.53521533e-03 4.40052954e-03 3.59438211e-03 9.91043628e-04
 2.81042223e-03 1.10937720e-03 2.33708796e-03 2.07083743e-04
 9.61460236e-05 1.47916959e-05 2.31490041e-03]","[0.00096035 0.01688608 0.07646753 0.12680565 0.15641631 0.1572166
 0.13460846 0.13164739 0.11196031 0.05746069 0.02232804 0.0052819
 0.00088032 0.00068024 0.00040014 0.         0.         0.
 0.         0.         0.         0.         0.         0.
 0.         0.         0.         0.         0.         0.
 0.         0.        ]"
C4H10_3600K_2,"[1.68004488e-01 3.35788325e-01 3.27321504e-01 1.45485326e-01
 2.33929283e-02 7.42862099e-06]",0.03365426681929033,"[0.00000000e+00 6.24217426e-01 1.59370054e-01 5.17392768e-02
 3.52408794e-02 2.37898184e-02 1.38686803e-02 8.32521280e-03
 7.31589384e-03 6.86277563e-03 8.46389219e-03 6.17086190e-03
 2.80176857e-03 3.55820159e-03 4.43329077e-03 3.34387890e-03
 2.88111988e-03 2.19958856e-03 1.48171879e-03 1.25553049e-03
 7.11936958e-04 9.85587726e-04 6.59283287e-04 9.06978020e-04
 5.88831192e-04 1.22883285e-03 2.75986811e-02]",[0.         0.07112819 0.04018585 0.02781004 0.01862977 0.01700835],72.46792763157895,20.58920836186877,"[0.00000000e+00 0.00000000e+00 0.00000000e+00 7.08075236e-02
 6.36667349e-02 3.48146997e-01 2.88654551e-01 1.28979171e-01
 2.94177891e-02 1.28407060e-02 6.53336253e-03 5.09955432e-03
 6.06013519e-03 2.27431647e-03 1.18165573e-02 6.71700299e-03
 8.08018025e-03 3.61630445e-03 1.91409864e-03 1.73752128e-03
 7.06309462e-06 6.99246368e-04 6.00363043e-04 2.82523785e-05
 6.63930895e-04 1.26429394e-03 3.74344015e-04]","[0.         0.         0.00303248 0.04245477 0.06635485 0.09339021
 0.14381168 0.15861431 0.20425576 0.1433491  0.09842722 0.03227796
 0.00920025 0.00354646 0.00128495 0.         0.         0.
 0.         0.         0.         0.         0.         0.
 0.         0.         0.         0.         0.         0.
 0.         0.        ]"
C4H10_3600K_1120at_1,"[1.66314348e-01 3.44655642e-01 3.24285872e-01 1.42057341e-01
 2.26798104e-02 6.98574381e-06]",0.008393569359157147,"[0.         0.61176776 0.16321552 0.06479064 0.03095273 0.02111232
 0.0138622  0.00966184 0.00969852 0.00905469 0.0063751  0.00432584
 0.00535192 0.00306955 0.00233112 0.00283016 0.0023345  0.00202079
 0.00162647 0.00181711 0.00195177 0.0012201  0.00113467 0.00143053
 0.001181   0.00101305 0.02587012]",[0.         0.04974079 0.045224   0.02371204 0.02083657 0.01408152],73.09894976591168,26.251011492193722,"[0.00000000e+00 0.00000000e+00 0.00000000e+00 7.93785382e-02
 8.32626742e-02 4.17922876e-01 2.63715062e-01 7.61595288e-02
 2.73463482e-02 1.89535681e-02 9.38285395e-03 4.27508822e-03
 2.24924475e-03 3.21393212e-03 4.60511284e-03 8.17445609e-04
 1.25917088e-03 6.80358458e-04 1.62473661e-03 1.69581884e-03
 2.13246681e-04 1.69581884e-03 9.24068950e-04 6.09276231e-05
 7.10822269e-05 3.40179229e-04 1.52319058e-04]","[0.         0.00147623 0.00501919 0.02606605 0.03758067 0.07398035
 0.10713231 0.13125817 0.1539078  0.14277279 0.11843604 0.08524189
 0.06048336 0.03121178 0.01830528 0.00476612 0.00206673 0.00029525
 0.         0.         0.         0.         0.         0.
 0.         0.         0.         0.         0.         0.
 0.         0.        ]"
C4H10_3600K_1120at_2,"[1.44401213e-01 3.63676876e-01 3.37091165e-01 1.34239705e-01
 2.05851424e-02 5.89913001e-06]",-0.010096564276076627,"[0.         0.54916487 0.16372341 0.0861292  0.0496392  0.02530751
 0.02087722 0.01783812 0.0114814  0.00933904 0.00508441 0.0053906
 0.00423377 0.00355976 0.0037854  0.00336858 0.00300707 0.00223165
 0.00180269 0.00268147 0.00146302 0.00141789 0.00116022 0.00149213
 0.00200746 0.00105881 0.02275512]",[0.         0.04683016 0.03581454 0.03605314 0.03171536 0.01739084],70.17748686802364,26.992912794959018,"[0.00000000e+00 0.00000000e+00 0.00000000e+00 9.43288516e-02
 9.76181285e-02 3.57829838e-01 2.60575977e-01 9.30457617e-02
 3.46814838e-02 7.92144880e-03 2.10024411e-02 9.20997548e-03
 2.53899560e-03 2.09861307e-03 2.24540725e-03 2.71841071e-04
 3.47956571e-04 3.96887963e-04 1.19066389e-03 3.53393392e-04
 1.19066389e-03 5.00187570e-03 2.73472117e-03 5.49118963e-04
 2.02793439e-03 4.34945713e-05 2.79452621e-03]","[0.         0.00094386 0.01054662 0.03578464 0.08502955 0.11285292
 0.12676461 0.1440824  0.12807781 0.10513789 0.10751806 0.07103578
 0.04386901 0.01662016 0.00533487 0.00250328 0.00332403 0.00057452
 0.         0.         0.         0.         0.         0.
 0.         0.         0.         0.         0.         0.
 0.         0.        ]"
C4H10_4000K_1,"[1.48359703e-01 3.55097359e-01 3.40505608e-01 1.38714487e-01
 1.73052505e-02 1.75921988e-05]",0.022777753287309355,"[0.         0.56139333 0.16899281 0.07155924 0.04584349 0.02888709
 0.01822933 0.01118925 0.01164146 0.00886801 0.00873146 0.00443107
 0.00438262 0.00240053 0.00356923 0.00270004 0.00238291 0.0030025
 0.00299809 0.00106005 0.00220966 0.0023462  0.00187491 0.00201586
 0.00131992 0.00147262 0.02649831]",[0.         0.04799026 0.04047143 0.02813397 0.02562095 0.01848477],56.65982786228983,19.88237718756223,"[0.00000000e+00 0.00000000e+00 0.00000000e+00 1.58415034e-01
 8.23151335e-02 3.34219670e-01 2.44025383e-01 7.24947391e-02
 3.97220274e-02 1.72754115e-02 1.67207713e-02 5.36695976e-03
 1.58235592e-03 2.85476583e-03 2.26749971e-03 7.30820052e-03
 4.29030522e-03 2.64269751e-03 3.71935205e-03 8.31960327e-04
 6.19892008e-04 3.26258952e-05 0.00000000e+00 8.15647379e-05
 7.50395589e-04 4.89388428e-05 2.41431624e-03]","[0.         0.01180945 0.04353483 0.07085669 0.11279023 0.15332266
 0.17053643 0.16943555 0.13290633 0.0617494  0.04043235 0.02191753
 0.00710568 0.00360288 0.         0.         0.         0.
 0.         0.         0.         0.         0.         0.
 0.         0.         0.         0.         0.         0.
 0.         0.        ]"
C4H10_4000K_2,"[1.40392001e-01 3.67996741e-01 3.54725577e-01 1.24638774e-01
 1.22414338e-02 5.47312850e-06]",-0.024190710600489815,"[0.         0.52716904 0.16766786 0.08754704 0.04180368 0.03050189
 0.01936327 0.01307057 0.01296713 0.01199969 0.00972534 0.01113133
 0.00740146 0.00634661 0.00609018 0.00445253 0.003319   0.00350987
 0.00301304 0.00208057 0.00200626 0.00172506 0.00226269 0.00206308
 0.00137248 0.00108108 0.02032925]",[0.         0.0685787  0.03733639 0.03368032 0.02132467 0.01802199],47.62980384307446,18.511783094348825,"[0.00000000e+00 0.00000000e+00 0.00000000e+00 2.05521550e-01
 1.29504991e-01 3.79981205e-01 1.91831966e-01 2.57282910e-02
 2.15122038e-02 5.10502121e-03 1.31054276e-02 9.93066314e-03
 4.95263251e-03 6.88288929e-03 8.63535926e-04 1.01592462e-04
 5.07962309e-05 1.72707185e-03 4.82564194e-04 1.95565489e-03
 0.00000000e+00 0.00000000e+00 3.80971732e-04 0.00000000e+00
 1.52388693e-04 1.52388693e-04 7.61943464e-05]","[8.40672538e-03 6.49519616e-02 1.34807846e-01 2.11669335e-01
 2.13971177e-01 1.93254604e-01 9.25740592e-02 5.38430745e-02
 2.25180144e-02 3.80304243e-03 2.00160128e-04 0.00000000e+00
 0.00000000e+00 0.00000000e+00 0.00000000e+00 0.00000000e+00
 0.00000000e+00 0.00000000e+00 0.00000000e+00 0.00000000e+00
 0.00000000e+00 0.00000000e+00 0.00000000e+00 0.00000000e+00
 0.00000000e+00 0.00000000e+00 0.00000000e+00 0.00000000e+00
 0.00000000e+00 0.00000000e+00 0.00000000e+00 0.00000000e+00]"
C4H10_4500K_1,"[1.33728810e-01 3.43307886e-01 3.65462866e-01 1.42884866e-01
 1.46053999e-02 1.01725260e-05]",0.01594894654651374,"[0.         0.54217928 0.16573969 0.07440758 0.04289141 0.02947252
 0.02196133 0.01650637 0.01124949 0.01321453 0.00766524 0.00614037
 0.00596116 0.00463436 0.00386092 0.00352765 0.00348049 0.00315979
 0.00316608 0.0024681  0.00256556 0.00208452 0.00222286 0.00183614
 0.00165064 0.00137396 0.02657997]",[0.         0.07272485 0.05556916 0.03222856 0.02720804 0.02123916],59.335136217948715,23.62578141559492,"[0.00000000e+00 0.00000000e+00 0.00000000e+00 2.83296321e-01
 9.89736510e-02 2.94700198e-01 1.87353700e-01 5.62691315e-02
 2.76393974e-02 4.32146930e-03 1.00534182e-02 1.54552548e-02
 4.80163256e-03 5.88199988e-03 4.44151011e-03 1.32044895e-03
 1.11037753e-03 1.80061221e-04 0.00000000e+00 6.00204069e-05
 6.00204069e-04 1.50051017e-04 6.60224476e-04 5.10173459e-04
 2.10071424e-04 9.00306104e-05 1.92065302e-03]","[0.00380609 0.01262019 0.02483974 0.06971154 0.11197917 0.1396234
 0.13581731 0.13581731 0.11077724 0.09234776 0.07371795 0.04707532
 0.02764423 0.01141827 0.00260417 0.00020032 0.         0.
 0.         0.         0.         0.         0.         0.
 0.         0.         0.         0.         0.         0.
 0.         0.        ]"
C4H10_4500K_2,"[1.36530167e-01 3.54613475e-01 3.57281807e-01 1.35516044e-01
 1.60326835e-02 2.58225661e-05]",0.010207161587787028,"[0.         0.53205213 0.17344209 0.08348835 0.03932985 0.03076872
 0.0212624  0.01599587 0.01172889 0.01091053 0.00677643 0.00712068
 0.00699083 0.0054296  0.00475618 0.00400123 0.00297148 0.00286277
 0.00328252 0.00163975 0.00185114 0.00167599 0.0017243  0.00154916
 0.00130153 0.0011445  0.02594308]",[0.         0.08545485 0.06075804 0.0327679  0.02197383 0.02042544],53.015625,17.171917652358314,"[0.00000000e+00 0.00000000e+00 0.00000000e+00 2.77922237e-01
 1.49713971e-01 3.01997614e-01 1.39159962e-01 6.20086268e-02
 2.26069932e-02 1.59686745e-02 7.46428462e-03 2.47789776e-03
 2.56967176e-03 4.52751690e-03 4.19101227e-03 7.03600600e-04
 5.81235278e-04 1.13187923e-03 8.87148582e-04 6.11826608e-05
 8.87148582e-04 1.13187923e-03 1.59074918e-03 6.11826608e-04
 6.73009269e-04 1.83547983e-04 9.48331243e-04]","[0.         0.00180288 0.0166266  0.06330128 0.11458333 0.16326122
 0.16546474 0.15304487 0.11678686 0.09354968 0.05649038 0.02944712
 0.01642628 0.00701122 0.00180288 0.00040064 0.         0.
 0.         0.         0.         0.         0.         0.
 0.         0.         0.         0.         0.         0.
 0.         0.        ]"
C4H10_5000K_1,"[1.22878637e-01 3.58296712e-01 3.72591459e-01 1.34364984e-01
 1.18369078e-02 3.13000801e-05]",0.026254097950661148,"[0.         0.49177129 0.17552729 0.08985451 0.05559841 0.03270422
 0.02525145 0.01848324 0.0148343  0.01109242 0.00943832 0.00932061
 0.00662572 0.00506764 0.00452246 0.00437068 0.00367682 0.00232628
 0.00277543 0.00205679 0.00223955 0.00167269 0.00176872 0.00170057
 0.00164791 0.00137842 0.02429429]",[0.         0.08706693 0.04980209 0.03521174 0.02626134 0.02160369],50.1796875,17.39868693188155,"[0.00000000e+00 0.00000000e+00 0.00000000e+00 3.68670266e-01
 1.03658353e-01 2.52224266e-01 1.59815424e-01 4.81044727e-02
 1.76131737e-02 1.39035498e-02 8.95738456e-03 7.02717375e-03
 1.35717948e-03 4.49377205e-03 3.55882619e-03 1.11590313e-03
 9.34945864e-04 1.20638176e-03 1.11590313e-03 1.38733902e-03
 1.50797720e-03 1.80957264e-03 2.11116808e-04 5.73031336e-04
 3.01595440e-04 2.11116808e-04 2.41276352e-04]","[0.00020032 0.00300481 0.02323718 0.06911058 0.11538462 0.13541667
 0.16586538 0.15224359 0.11217949 0.08653846 0.05548878 0.04146635
 0.02463942 0.01121795 0.00320513 0.00080128 0.         0.
 0.         0.         0.         0.         0.         0.
 0.         0.         0.         0.         0.         0.
 0.         0.        ]"
C4H10_5000K_2,"[1.23932731e-01 3.60310332e-01 3.70156062e-01 1.32482660e-01
 1.31017227e-02 1.64920084e-05]",0.009633963719718865,"[0.         0.49561404 0.18327001 0.08202965 0.05357209 0.03507841
 0.02523559 0.01949007 0.01490856 0.01069021 0.00841807 0.00683503
 0.00695608 0.00480501 0.00429284 0.00520542 0.00347339 0.00254218
 0.00217901 0.00146199 0.00218833 0.00209521 0.00141543 0.00148992
 0.00140612 0.00119194 0.0241554 ]",[0.         0.06587803 0.03938853 0.03725266 0.0292651  0.02282075],53.71652593486128,20.822397458998843,"[0.00000000e+00 0.00000000e+00 0.00000000e+00 4.01367752e-01
 1.10479676e-01 1.96301291e-01 1.61818532e-01 5.98150645e-02
 3.18821036e-02 6.54979773e-03 5.20130996e-03 4.81602774e-03
 4.62338663e-03 4.91234830e-03 6.74243884e-04 2.50433442e-03
 1.05952610e-03 3.85282219e-04 6.74243884e-04 3.85282219e-04
 4.81602774e-04 3.37121942e-03 1.92641110e-04 0.00000000e+00
 0.00000000e+00 0.00000000e+00 2.50433442e-03]","[0.00542823 0.02472859 0.04704463 0.10193004 0.1079614  0.1145959
 0.13630881 0.11821472 0.13329312 0.08986731 0.06031363 0.02834741
 0.02412545 0.00422195 0.00241255 0.00060314 0.00060314 0.
 0.         0.         0.         0.         0.         0.
 0.         0.         0.         0.         0.         0.
 0.         0.        ]"
C8H18_3300K_1,"[1.00475685e-01 3.23022294e-01 3.53662296e-01 1.92359416e-01
 3.04771133e-02 3.19661814e-06]",0.0029721216331923457,"[0.00000000e+00 5.64131361e-01 1.96461927e-01 7.36351654e-02
 4.04959236e-02 2.09912414e-02 1.31856405e-02 1.14148176e-02
 5.25344126e-03 5.59284898e-03 4.13968686e-03 2.68652474e-03
 2.50788909e-03 4.45657096e-03 3.74513509e-03 2.68807809e-03
 1.54403330e-03 3.10593016e-03 2.53351943e-03 1.22947923e-03
 8.83081418e-04 1.02132987e-03 2.08149358e-04 1.67762169e-04
 1.49898605e-04 4.52025845e-04 3.73185392e-02]",[0.         0.03723878 0.03066482 0.03393489 0.03048268 0.01999197],135.88472161069527,38.03143154002149,"[0.00000000e+00 0.00000000e+00 0.00000000e+00 2.86765767e-02
 5.67358756e-02 3.69370276e-01 2.88989979e-01 7.34191484e-02
 3.53626339e-02 2.21280650e-02 1.41302926e-02 2.71736396e-03
 1.50461449e-02 9.97037738e-03 4.97176961e-03 6.16606784e-03
 1.56533583e-02 1.81895647e-02 6.42773992e-03 3.31786784e-03
 1.27481272e-03 1.74783533e-03 1.61028975e-04 2.03970035e-03
 1.64719222e-03 1.34190813e-04 2.17221378e-02]","[0.         0.         0.         0.         0.         0.00020014
 0.0072049  0.01645119 0.05679862 0.08341672 0.12340391 0.11363727
 0.1407357  0.19477245 0.15018212 0.06888684 0.02813913 0.01517032
 0.00100068 0.         0.         0.         0.         0.
 0.         0.         0.         0.         0.         0.
 0.         0.        ]"
C8H18_3300K_2,"[8.97202433e-02 3.16348405e-01 3.77810880e-01 1.87207892e-01
 2.89074382e-02 5.14176828e-06]",0.0030169998757087336,"[0.         0.53105175 0.15105404 0.09622001 0.05954696 0.03433909
 0.01954401 0.01302498 0.00910013 0.00959606 0.0109128  0.00533896
 0.00164408 0.00231759 0.00096239 0.0029109  0.00107205 0.00221448
 0.00159252 0.00133883 0.00162853 0.00260319 0.00197224 0.00085355
 0.0009984  0.00116861 0.03699385]",[0.         0.05306678 0.04175978 0.03937168 0.02925691 0.02331756],134.12026734971585,34.64562429316082,"[0.00000000e+00 0.00000000e+00 0.00000000e+00 3.51596358e-02
 6.60180002e-02 3.27274623e-01 3.67299258e-01 8.79479676e-02
 2.32920368e-02 1.30569658e-02 5.05725253e-03 2.53188480e-03
 3.55180751e-04 7.99971325e-03 1.05641834e-02 3.62675391e-03
 5.73177010e-03 4.85848165e-03 7.38384938e-03 7.15249311e-03
 3.91024680e-03 3.65608076e-03 8.04859133e-04 3.82552479e-03
 5.34400396e-04 1.39139615e-03 1.05674420e-02]","[0.         0.         0.         0.         0.         0.
 0.         0.00424238 0.03706075 0.0649964  0.15880893 0.1814216
 0.18418314 0.116065   0.07868406 0.06279517 0.03085728 0.01809013
 0.01048587 0.01789002 0.02809573 0.00604338 0.00028016 0.
 0.         0.         0.         0.         0.         0.
 0.         0.        ]"
C8H18_4000K_1040at_1,"[1.05925271e-01 3.13322763e-01 3.72593480e-01 1.82122904e-01
 2.60126991e-02 2.28823223e-05]",-0.015044593427743582,"[0.         0.56694727 0.1631097  0.07204561 0.03597    0.02729498
 0.01613788 0.01454581 0.01097711 0.00812108 0.00629854 0.00550881
 0.00483532 0.00360059 0.00286732 0.00307986 0.0027378  0.0027564
 0.00239109 0.00239441 0.00184579 0.00117097 0.00165915 0.00162196
 0.00160867 0.00184911 0.03862478]",[0.         0.0802729  0.05118106 0.03445097 0.02480509 0.02109961],115.60907490396927,38.43042536457873,"[0.         0.         0.         0.11048234 0.07707926 0.33256638
 0.22658006 0.07517637 0.03725549 0.03172718 0.02876092 0.01886094
 0.01652587 0.00951131 0.00626211 0.00663211 0.0039177  0.0024781
 0.00270197 0.00139918 0.00136809 0.00115044 0.00090169 0.0010385
 0.00062497 0.00076488 0.00623412]","[0.00000000e+00 0.00000000e+00 0.00000000e+00 4.00128041e-05
 3.08098592e-03 7.92253521e-03 1.90861076e-02 3.60515365e-02
 5.90989117e-02 7.43037772e-02 8.67877721e-02 9.23895647e-02
 1.05073624e-01 1.03593150e-01 8.53473111e-02 7.81049936e-02
 7.13028169e-02 5.82186300e-02 4.50544174e-02 3.08898848e-02
 1.88460307e-02 1.27640845e-02 5.84186940e-03 2.84090909e-03
 1.84058899e-03 8.80281690e-04 6.00192061e-04 4.00128041e-05
 0.00000000e+00 0.00000000e+00 0.00000000e+00 0.00000000e+00]"
C8H18_4000K_1040at_2,"[1.05479598e-01 3.21788594e-01 3.61839637e-01 1.84831789e-01
 2.60428754e-02 1.75063023e-05]",-0.00500999180173704,"[0.         0.55469496 0.1718276  0.06866434 0.04480839 0.02280066
 0.01624768 0.01332459 0.01126295 0.00957071 0.00734657 0.0057855
 0.00532148 0.0043184  0.00330749 0.00363967 0.00272731 0.0020662
 0.00191479 0.00210275 0.00183126 0.00129937 0.00167528 0.0020029
 0.0012948  0.00148667 0.03867766]",[0.         0.07993499 0.04818501 0.03215507 0.02392806 0.01819472],110.56364291144813,40.208192605349794,"[0.         0.         0.         0.11344155 0.07972521 0.32251201
 0.23453401 0.07800474 0.04046143 0.02894705 0.02290717 0.01600401
 0.0119065  0.00823758 0.00821023 0.00608852 0.00352909 0.00363244
 0.00150465 0.00290899 0.00278436 0.0014013  0.00171743 0.00170527
 0.00170831 0.00086935 0.0072588 ]","[0.00000000e+00 0.00000000e+00 0.00000000e+00 2.40086431e-04
 4.80172862e-04 3.80136849e-03 1.00836301e-02 2.16477932e-02
 3.42923452e-02 5.48597495e-02 7.56272258e-02 9.68748750e-02
 1.19963187e-01 1.28446241e-01 1.16882078e-01 1.03277180e-01
 8.33900204e-02 6.23824577e-02 4.24952983e-02 2.73698531e-02
 1.25245088e-02 3.76135409e-03 8.40302509e-04 5.60201673e-04
 1.60057621e-04 0.00000000e+00 4.00144052e-05 0.00000000e+00
 0.00000000e+00 0.00000000e+00 0.00000000e+00 0.00000000e+00]"
C2H6_3300K_1,"[2.65466200e-01 4.49810894e-01 2.13010237e-01 6.26844629e-02
 9.02699667e-03 1.20945100e-06]",-0.008495422160914676,"[0.00000000e+00 5.83130558e-01 2.18037274e-01 6.62689441e-02
 4.36001190e-02 2.04242147e-02 1.25559782e-02 1.23313659e-02
 1.00916713e-02 5.52682359e-03 9.71126733e-03 1.89596972e-03
 4.09028809e-03 1.62787189e-03 1.15974055e-03 6.86315326e-04
 8.84458153e-04 1.21267948e-03 5.93672211e-04 5.57371235e-04
 3.88722951e-04 1.28301262e-03 1.17902545e-03 1.22742675e-03
 3.62253489e-04 2.91164078e-04 8.81811207e-04]",[0.         0.02923774 0.02930168 0.02699344 0.01631938 0.00938344],19.011360200423308,5.742844291972895,"[0.00000000e+00 0.00000000e+00 0.00000000e+00 7.13777567e-02
 1.43737932e-01 5.46088960e-01 1.66875572e-01 2.30360107e-03
 0.00000000e+00 0.00000000e+00 2.71011891e-04 5.79287916e-03
 6.35522884e-02 0.00000000e+00 0.00000000e+00 0.00000000e+00
 0.00000000e+00 0.00000000e+00 0.00000000e+00 0.00000000e+00
 0.00000000e+00 0.00000000e+00 0.00000000e+00 0.00000000e+00
 0.00000000e+00 0.00000000e+00 0.00000000e+00]","[0.16781133 0.50339078 0.23830504 0.06742689 0.02254762 0.00051834
 0.         0.         0.         0.         0.         0.
 0.         0.         0.         0.         0.         0.
 0.         0.         0.         0.         0.         0.
 0.         0.         0.         0.         0.         0.
 0.         0.        ]"
C2H6_3300K_2,"[2.63248687e-01 4.45206335e-01 2.28760763e-01 5.78024151e-02
 4.98144907e-03 3.50017501e-07]",-0.0018088596150803698,"[0.00000000e+00 5.78827116e-01 2.16459531e-01 6.11349742e-02
 4.51459805e-02 2.75449318e-02 1.71093394e-02 1.64784018e-02
 6.82486515e-03 4.47064338e-03 4.78170135e-03 4.36363330e-03
 3.37254351e-03 2.79146727e-03 2.42824667e-03 2.05850575e-03
 1.67073804e-03 1.49200435e-04 5.51159448e-04 9.45063939e-04
 8.19643522e-04 3.08756685e-04 3.80480287e-04 3.29851862e-04
 4.94777793e-05 4.18068058e-05 9.61940081e-04]",[0.         0.01823942 0.02811291 0.01934248 0.01659752 0.0138004 ],18.190015750787538,5.726658432331368,"[0.00000000e+00 0.00000000e+00 0.00000000e+00 8.33453809e-02
 1.65317334e-01 7.08038167e-01 4.17088333e-02 1.08428509e-03
 5.05999711e-04 0.00000000e+00 0.00000000e+00 0.00000000e+00
 0.00000000e+00 0.00000000e+00 0.00000000e+00 0.00000000e+00
 0.00000000e+00 0.00000000e+00 0.00000000e+00 0.00000000e+00
 0.00000000e+00 0.00000000e+00 0.00000000e+00 0.00000000e+00
 0.00000000e+00 0.00000000e+00 0.00000000e+00]","[5.36008050e-01 3.28010151e-01 1.31081554e-01 4.50647532e-03
 3.93769688e-04 0.00000000e+00 0.00000000e+00 0.00000000e+00
 0.00000000e+00 0.00000000e+00 0.00000000e+00 0.00000000e+00
 0.00000000e+00 0.00000000e+00 0.00000000e+00 0.00000000e+00
 0.00000000e+00 0.00000000e+00 0.00000000e+00 0.00000000e+00
 0.00000000e+00 0.00000000e+00 0.00000000e+00 0.00000000e+00
 0.00000000e+00 0.00000000e+00 0.00000000e+00 0.00000000e+00
 0.00000000e+00 0.00000000e+00 0.00000000e+00 0.00000000e+00]"
C2H6_4000K_1,"[2.56730184e-01 3.98831065e-01 2.64628903e-01 7.45308247e-02
 5.27822258e-03 8.00640512e-07]",0.017213080071453047,"[0.00000000e+00 6.06386340e-01 1.70350370e-01 7.12787728e-02
 3.89934658e-02 2.78417277e-02 1.93429710e-02 1.46511155e-02
 1.07774430e-02 8.08590356e-03 4.48495860e-03 4.25172947e-03
 3.31599162e-03 3.27743358e-03 2.39247949e-03 2.66614754e-03
 1.76238466e-03 1.02790098e-03 8.86834968e-04 7.54232921e-04
 9.97806894e-04 9.79938533e-04 8.32289445e-04 7.01568278e-04
 3.67712060e-04 3.74295140e-04 3.21818585e-03]",[0.         0.02950792 0.04070012 0.0270054  0.01680147 0.01492637],22.76281024819856,6.568249351879222,"[0.         0.         0.         0.29066364 0.15780506 0.29507624
 0.18069815 0.03835904 0.01271353 0.02175718 0.00292717 0.
 0.         0.         0.         0.         0.         0.
 0.         0.         0.         0.         0.         0.
 0.         0.         0.        ]","[0.09397518 0.22838271 0.27071657 0.19675741 0.13751001 0.05794636
 0.01210969 0.00260208 0.         0.         0.         0.
 0.         0.         0.         0.         0.         0.
 0.         0.         0.         0.         0.         0.
 0.         0.         0.         0.         0.         0.
 0.         0.        ]"
C2H6_4000K_2,"[2.60303473e-01 4.02068662e-01 2.60350716e-01 6.98088279e-02
 7.45791212e-03 1.04093684e-05]",-0.014531082409750875,"[0.00000000e+00 6.08572963e-01 1.65218816e-01 7.60882619e-02
 3.46199357e-02 2.82044574e-02 1.88358667e-02 1.61713624e-02
 9.66837070e-03 8.87609497e-03 6.54116249e-03 3.95858567e-03
 4.62238426e-03 2.37217222e-03 2.88049484e-03 3.42140224e-03
 1.72978650e-03 1.39555972e-03 1.09484872e-03 9.35648777e-04
 7.67138898e-04 1.05388499e-03 5.87457093e-04 4.70151873e-04
 5.17632557e-04 9.77543498e-05 1.29780537e-03]",[0.         0.04645726 0.03524771 0.02481613 0.01710628 0.01589339],19.807226503853467,6.979334626258074,"[0.         0.         0.         0.27647435 0.14790222 0.41021101
 0.13398259 0.02469136 0.00231174 0.00216418 0.         0.
 0.         0.         0.         0.         0.00226255 0.
 0.         0.         0.         0.         0.         0.
 0.         0.         0.        ]","[0.07626864 0.29116205 0.31388249 0.20558503 0.07917125 0.02232009
 0.01030928 0.00130117 0.         0.         0.         0.
 0.         0.         0.         0.         0.         0.
 0.         0.         0.         0.         0.         0.
 0.         0.         0.         0.         0.         0.
 0.         0.        ]"
C2H6_4000K_1280at_1,"[2.38439303e-01 4.19014518e-01 2.69488197e-01 6.65781103e-02
 6.47232848e-03 7.54305936e-06]",0.007393746643106599,"[0.00000000e+00 5.72446872e-01 1.92170173e-01 7.36194126e-02
 4.53666400e-02 2.79152301e-02 2.05125088e-02 1.47513747e-02
 9.96071371e-03 9.66166014e-03 6.08584701e-03 4.65869863e-03
 3.73740592e-03 3.76031605e-03 2.94440994e-03 1.71887071e-03
 1.81784247e-03 1.56552557e-03 1.34222817e-03 8.02770965e-04
 8.40649047e-04 6.75390641e-04 6.45760205e-04 7.01049987e-04
 5.06161145e-04 2.60564548e-04 1.53192404e-03]",[0.         0.04709285 0.03474684 0.02064499 0.01684013 0.01434037],21.522235404819376,7.162758150789266,"[0.00000000e+00 0.00000000e+00 0.00000000e+00 3.37619392e-01
 1.44489927e-01 3.58969420e-01 1.12047516e-01 3.32932017e-02
 4.75158520e-03 5.23316478e-03 8.98948551e-04 1.41263344e-03
 9.47106509e-04 3.37105707e-04 0.00000000e+00 0.00000000e+00
 0.00000000e+00 0.00000000e+00 0.00000000e+00 0.00000000e+00
 0.00000000e+00 0.00000000e+00 0.00000000e+00 0.00000000e+00
 0.00000000e+00 0.00000000e+00 0.00000000e+00]","[0.07826372 0.20995786 0.24252342 0.22448145 0.12743935 0.06149
 0.03583848 0.01403265 0.00445935 0.00114552 0.0003682  0.
 0.         0.         0.         0.         0.         0.
 0.         0.         0.         0.         0.         0.
 0.         0.         0.         0.         0.         0.
 0.         0.        ]"
C2H6_4000K_1280at_2,"[2.48335390e-01 4.17274386e-01 2.59220784e-01 6.75070874e-02
 7.65723436e-03 5.11864763e-06]",0.013771033180816208,"[0.00000000e+00 5.85497910e-01 1.84409569e-01 7.56491264e-02
 4.50967999e-02 2.92983970e-02 1.85502099e-02 1.40692061e-02
 8.94506674e-03 6.52191189e-03 4.84107344e-03 4.11847000e-03
 3.52677298e-03 3.08384726e-03 2.22510114e-03 2.04491230e-03
 1.62816786e-03 1.38884012e-03 1.28041880e-03 1.14088796e-03
 1.17938985e-03 8.13467899e-04 7.08126732e-04 7.24759548e-04
 4.17668486e-04 4.70955099e-04 2.36894419e-03]",[0.         0.04424985 0.03142239 0.02372875 0.01904533 0.01409093],22.743637127257454,6.085086046852319,"[0.00000000e+00 0.00000000e+00 0.00000000e+00 3.16762340e-01
 1.05102416e-01 3.60686931e-01 1.60363933e-01 2.96614912e-02
 1.15607861e-02 1.25361774e-02 2.65434369e-03 6.23610867e-04
 0.00000000e+00 1.59900222e-05 1.59900222e-05 1.59900222e-05
 0.00000000e+00 0.00000000e+00 0.00000000e+00 0.00000000e+00
 0.00000000e+00 0.00000000e+00 0.00000000e+00 0.00000000e+00
 0.00000000e+00 0.00000000e+00 0.00000000e+00]","[1.01847963e-01 1.87904242e-01 2.25619488e-01 1.88492230e-01
 1.48383032e-01 8.19823604e-02 4.67030659e-02 1.47417052e-02
 3.90592188e-03 3.35993280e-04 8.39983200e-05 0.00000000e+00
 0.00000000e+00 0.00000000e+00 0.00000000e+00 0.00000000e+00
 0.00000000e+00 0.00000000e+00 0.00000000e+00 0.00000000e+00
 0.00000000e+00 0.00000000e+00 0.00000000e+00 0.00000000e+00
 0.00000000e+00 0.00000000e+00 0.00000000e+00 0.00000000e+00
 0.00000000e+00 0.00000000e+00 0.00000000e+00 0.00000000e+00]"
CH4_3300K_2,"[6.48461224e-01 3.00138854e-01 4.65260539e-02 4.69157255e-03
 1.82294899e-04 0.00000000e+00]",-0.11611249515098784,"[0.00000000e+00 8.17098600e-01 1.32273133e-01 3.68041720e-02
 1.13381132e-02 1.94979240e-03 9.93421736e-05 0.00000000e+00
 2.48840819e-04 1.86064332e-04 1.94154085e-06 0.00000000e+00
 0.00000000e+00 0.00000000e+00 0.00000000e+00 0.00000000e+00
 0.00000000e+00 0.00000000e+00 0.00000000e+00 0.00000000e+00
 0.00000000e+00 0.00000000e+00 0.00000000e+00 0.00000000e+00
 0.00000000e+00 0.00000000e+00 0.00000000e+00]",[0.         0.03643292 0.01993576 0.01052904 0.00642758 0.00338358],4.450229614000248,1.1277447447202893,"[0.         0.         0.         0.8974359  0.09615385 0.00641026
 0.         0.         0.         0.         0.         0.
 0.         0.         0.         0.         0.         0.
 0.         0.         0.         0.         0.         0.
 0.         0.         0.        ]","[0.99677299 0.00322701 0.         0.         0.         0.
 0.         0.         0.         0.         0.         0.
 0.         0.         0.         0.         0.         0.
 0.         0.         0.         0.         0.         0.
 0.         0.         0.         0.         0.         0.
 0.         0.        ]"
CH4_3600K_1,"[6.36964366e-01 3.18418932e-01 4.12637004e-02 3.35253066e-03
 4.70266610e-07 0.00000000e+00]",0.00257731325361294,"[0.00000000e+00 8.05002771e-01 1.52740146e-01 2.93632265e-02
 1.01643223e-02 1.99438765e-03 7.35146735e-04 0.00000000e+00
 0.00000000e+00 0.00000000e+00 0.00000000e+00 0.00000000e+00
 0.00000000e+00 0.00000000e+00 0.00000000e+00 0.00000000e+00
 0.00000000e+00 0.00000000e+00 0.00000000e+00 0.00000000e+00
 0.00000000e+00 0.00000000e+00 0.00000000e+00 0.00000000e+00
 0.00000000e+00 0.00000000e+00 0.00000000e+00]",[0.         0.03063315 0.02385064 0.01263293 0.00488791 0.00341526],4.442075694113516,0.6590143873761851,"[0.         0.         0.         0.93506494 0.06493506 0.
 0.         0.         0.         0.         0.         0.
 0.         0.         0.         0.         0.         0.
 0.         0.         0.         0.         0.         0.
 0.         0.         0.        ]","[0.99806877 0.00193123 0.         0.         0.         0.
 0.         0.         0.         0.         0.         0.
 0.         0.         0.         0.         0.         0.
 0.         0.         0.         0.         0.         0.
 0.         0.         0.         0.         0.         0.
 0.         0.        ]"
CH4_3600K_2,"[5.50997457e-01 3.66692644e-01 7.29457094e-02 8.83916125e-03
 5.25028397e-04 0.00000000e+00]",-0.004120767326086068,"[0.00000000e+00 7.56411075e-01 1.72216094e-01 4.58678366e-02
 1.57266310e-02 4.59373787e-03 1.96456347e-03 5.39831321e-04
 8.33404489e-04 1.37961784e-03 1.71214337e-04 2.95993937e-04
 0.00000000e+00 0.00000000e+00 0.00000000e+00 0.00000000e+00
 0.00000000e+00 0.00000000e+00 0.00000000e+00 0.00000000e+00
 0.00000000e+00 0.00000000e+00 0.00000000e+00 0.00000000e+00
 0.00000000e+00 0.00000000e+00 0.00000000e+00]",[0.         0.03187771 0.02722682 0.01874966 0.0096283  0.005945  ],6.355380008261049,1.9947385279467107,"[0.         0.         0.         0.75862069 0.24       0.00137931
 0.         0.         0.         0.         0.         0.
 0.         0.         0.         0.         0.         0.
 0.         0.         0.         0.         0.         0.
 0.         0.         0.        ]","[0.96256712 0.03743288 0.         0.         0.         0.
 0.         0.         0.         0.         0.         0.
 0.         0.         0.         0.         0.         0.
 0.         0.         0.         0.         0.         0.
 0.         0.         0.         0.         0.         0.
 0.         0.        ]"
CH4_4500K_1,"[3.82595990e-01 4.28205722e-01 1.65210753e-01 2.25508110e-02
 1.43609832e-03 6.25750901e-07]",0.016823795379551625,"[0.00000000e+00 6.52907366e-01 1.90554694e-01 8.39296225e-02
 3.07259352e-02 1.72149780e-02 8.41938180e-03 5.85140166e-03
 3.97350014e-03 1.86733371e-03 1.41714460e-03 1.18253900e-03
 8.12665320e-04 3.33943097e-04 3.24432059e-04 7.92586463e-05
 1.42665563e-04 1.34211308e-04 9.29968117e-05 1.47949473e-05
 0.00000000e+00 2.00788571e-05 1.05678195e-06 0.00000000e+00
 0.00000000e+00 0.00000000e+00 0.00000000e+00]",[0.         0.0583404  0.04191319 0.02337132 0.01653331 0.0126798 ],9.299058870644775,2.6680917472276615,"[0.         0.         0.         0.63634581 0.16192903 0.15938051
 0.04156048 0.00078416 0.         0.         0.         0.
 0.         0.         0.         0.         0.         0.
 0.         0.         0.         0.         0.         0.
 0.         0.         0.        ]","[6.08029636e-01 2.96956348e-01 7.50901081e-02 1.67200641e-02
 2.60312375e-03 6.00720865e-04 0.00000000e+00 0.00000000e+00
 0.00000000e+00 0.00000000e+00 0.00000000e+00 0.00000000e+00
 0.00000000e+00 0.00000000e+00 0.00000000e+00 0.00000000e+00
 0.00000000e+00 0.00000000e+00 0.00000000e+00 0.00000000e+00
 0.00000000e+00 0.00000000e+00 0.00000000e+00 0.00000000e+00
 0.00000000e+00 0.00000000e+00 0.00000000e+00 0.00000000e+00
 0.00000000e+00 0.00000000e+00 0.00000000e+00 0.00000000e+00]"
CH4_4500K_2,[0.37749912 0.44610212 0.15510459 0.0200837  0.00121046 0.        ],0.033626839326349654,"[0.00000000e+00 6.39355466e-01 2.13998650e-01 7.50666672e-02
 3.43870808e-02 1.38177259e-02 8.69923438e-03 5.40989862e-03
 3.72644634e-03 2.57444507e-03 1.40147926e-03 5.45077946e-04
 4.80087883e-04 2.22224086e-04 1.03774455e-04 1.38365940e-04
 1.88680828e-05 5.45077946e-05 0.00000000e+00 0.00000000e+00
 0.00000000e+00 0.00000000e+00 0.00000000e+00 0.00000000e+00
 0.00000000e+00 0.00000000e+00 0.00000000e+00]",[0.         0.05311003 0.04148102 0.02671115 0.01727788 0.0129904 ],8.45290761685517,2.2248627634660227,"[0.         0.         0.         0.71027634 0.15608808 0.12715889
 0.00474957 0.         0.         0.         0.         0.
 0.         0.00172712 0.         0.         0.         0.
 0.         0.         0.         0.         0.         0.
 0.         0.         0.        ]","[0.63867481 0.27845061 0.06736062 0.01161045 0.00390351 0.
 0.         0.         0.         0.         0.         0.
 0.         0.         0.         0.         0.         0.
 0.         0.         0.         0.         0.         0.
 0.         0.         0.         0.         0.         0.
 0.         0.        ]"
mix_3500K_1,[0.29273957 0.42366862 0.22200812 0.05804581 0.00353789 0.        ],0.007810230792837299,"[0.00000000e+00 6.16656880e-01 1.83773477e-01 7.48053858e-02
 3.99248628e-02 1.99979050e-02 1.38551368e-02 9.01278759e-03
 9.58537254e-03 9.48312523e-03 4.15040621e-03 3.87079111e-03
 3.51605554e-03 3.05239528e-03 1.47945601e-03 6.75666934e-04
 7.06967132e-04 7.49118065e-04 1.03081984e-03 3.89374459e-04
 1.08632553e-03 8.25907883e-04 4.63242926e-04 3.50562214e-04
 1.96147906e-05 7.51204745e-06 5.30851353e-04]",[0.         0.03864627 0.02840119 0.02456803 0.01894347 0.01160596],17.176122254059216,4.98950407968329,"[0.         0.         0.         0.27707771 0.15294029 0.26080108
 0.30843084 0.00075008 0.         0.         0.         0.
 0.         0.         0.         0.         0.         0.
 0.         0.         0.         0.         0.         0.
 0.         0.         0.        ]","[5.02483286e-01 3.80468004e-01 9.67526266e-02 1.85291309e-02
 1.71919771e-03 4.77554919e-05 0.00000000e+00 0.00000000e+00
 0.00000000e+00 0.00000000e+00 0.00000000e+00 0.00000000e+00
 0.00000000e+00 0.00000000e+00 0.00000000e+00 0.00000000e+00
 0.00000000e+00 0.00000000e+00 0.00000000e+00 0.00000000e+00
 0.00000000e+00 0.00000000e+00 0.00000000e+00 0.00000000e+00
 0.00000000e+00 0.00000000e+00 0.00000000e+00 0.00000000e+00
 0.00000000e+00 0.00000000e+00 0.00000000e+00 0.00000000e+00]"
mix_3500K_2,"[2.97315095e-01 4.08592594e-01 2.36177079e-01 5.27244853e-02
 5.18849988e-03 2.24692690e-06]",-0.01319979625701932,"[0.00000000e+00 6.27414407e-01 1.68494427e-01 6.71898525e-02
 4.38055870e-02 2.61695856e-02 2.01932071e-02 8.00616054e-03
 9.94295325e-03 7.44931448e-03 4.67380190e-03 2.28150694e-03
 2.56301750e-03 2.21975623e-03 1.69451200e-03 1.72684031e-03
 9.33888605e-04 7.77332406e-04 9.48054944e-04 5.93896488e-04
 5.76460994e-04 4.95458599e-04 6.95603531e-04 2.36468877e-04
 1.23501410e-04 5.52123952e-05 7.39192264e-04]",[0.         0.04471975 0.03436426 0.02395924 0.02087476 0.01304063],17.72899987555482,4.821166379210036,"[0.         0.         0.         0.18869714 0.25929262 0.47781149
 0.00848663 0.06571212 0.         0.         0.         0.
 0.         0.         0.         0.         0.         0.
 0.         0.         0.         0.         0.         0.
 0.         0.         0.        ]","[0.32907454 0.48956735 0.15928983 0.02148753 0.00058074 0.
 0.         0.         0.         0.         0.         0.
 0.         0.         0.         0.         0.         0.
 0.         0.         0.         0.         0.         0.
 0.         0.         0.         0.         0.         0.
 0.         0.        ]"
